c_Blatun;Blatun;;;;;;;;;;;;;x
c_Tafeld;Tafeld;;;;;;;;;;;;;x
c_Haford;Haford;;;;;;;;;;;;;x
c_Reeheath;Reeheath;;;;;;;;;;;;;x
c_Wyford;Wyford;;;;;;;;;;;;;x
c_Thaybluff;Thaybluff;;;;;;;;;;;;;x
c_Catun;Catun;;;;;;;;;;;;;x
c_Rabluff;Rabluff;;;;;;;;;;;;;x
c_Wawic;Wawic;;;;;;;;;;;;;x
c_Beyfalls;Beyfalls;;;;;;;;;;;;;x
c_Medon;Medon;;;;;;;;;;;;;x
c_Beewood;Beewood;;;;;;;;;;;;;x
c_Geford;Geford;;;;;;;;;;;;;x
c_Diwood;Diwood;;;;;;;;;;;;;x
c_Wheathorp;Wheathorp;;;;;;;;;;;;;x
c_Befeld;Befeld;;;;;;;;;;;;;x
c_Cawold;Cawold;;;;;;;;;;;;;x
c_Remoor;Remoor;;;;;;;;;;;;;x
c_Leton;Leton;;;;;;;;;;;;;x
c_Inwic;Inwic;;;;;;;;;;;;;x
c_Heagrove;Heagrove;;;;;;;;;;;;;x
c_Gahyrst;Gahyrst;;;;;;;;;;;;;x
c_Padun;Padun;;;;;;;;;;;;;x
c_Wyley;Wyley;;;;;;;;;;;;;x
c_Kestead;Kestead;;;;;;;;;;;;;x
c_Sawold;Sawold;;;;;;;;;;;;;x
c_Rihill;Rihill;;;;;;;;;;;;;x
c_Weestead;Weestead;;;;;;;;;;;;;x
c_Timor;Timor;;;;;;;;;;;;;x
c_Diford;Diford;;;;;;;;;;;;;x
c_Frawic;Frawic;;;;;;;;;;;;;x
c_Caham;Caham;;;;;;;;;;;;;x
c_Fleheath;Fleheath;;;;;;;;;;;;;x
c_Waburh;Waburh;;;;;;;;;;;;;x
c_Haywood;Haywood;;;;;;;;;;;;;x
c_Bayfield;Bayfield;;;;;;;;;;;;;x
c_Stythorp;Stythorp;;;;;;;;;;;;;x
c_Eanttun;Eanttun;;;;;;;;;;;;;x
c_Leford;Leford;;;;;;;;;;;;;x
c_Cowick;Cowick;;;;;;;;;;;;;x
c_Aelford;Aelford;;;;;;;;;;;;;x
c_Rewold;Rewold;;;;;;;;;;;;;x
c_Deford;Deford;;;;;;;;;;;;;x
c_Heybluff;Heybluff;;;;;;;;;;;;;x
c_;Hastow;;;;;;;;;;;;;x
c_;Frustead;;;;;;;;;;;;;x
c_;Nebrook;;;;;;;;;;;;;x
c_;Ildale;;;;;;;;;;;;;x
c_;Bafeld;;;;;;;;;;;;;x
c_;Hoebury;;;;;;;;;;;;;x
c_;Ruleah;;;;;;;;;;;;;x
c_;Bramoor;;;;;;;;;;;;;x
c_;Cepool;;;;;;;;;;;;;x
c_;Stagrove;;;;;;;;;;;;;x
c_;Castow;;;;;;;;;;;;;x
c_;Lafeld;;;;;;;;;;;;;x
c_;Reehill;;;;;;;;;;;;;x
c_;Castone;;;;;;;;;;;;;x
c_;Fiwold;;;;;;;;;;;;;x
c_;Wawold;;;;;;;;;;;;;x
c_;Baburh;;;;;;;;;;;;;x
c_;Ryford;;;;;;;;;;;;;x
c_;Woley;;;;;;;;;;;;;x
c_;Craheath;;;;;;;;;;;;;x
c_;Matun;;;;;;;;;;;;;x