c_uppland_adj;Upplander;Uplandaise;Upplander;;Uplandés;;;;;;;;;x
c_vastergotland_adj;West Geatish;Wisigothe;Westgauter;;Gauta occidental;;;;;;;;;x
c_ostergotland_adj;East Geatish;Ostrogothe;Ostgauter;;Gauta oriental;;;;;;;;;x
c_sodermanland_adj;Södermannian;Sudermanienne;Södermannian;;Sodermanlandés;;;;;;;;;x
c_gotland_adj;Gotlander;Gotlandaise;Gotlander;;Gotlandés;;;;;;;;;x
c_smaland_adj;Värender;Värendaise;Värender;;Värendés;;;;;;;;;x
c_kaisereia_adj;Kaisereian;Césaréenne;Kaisereian;;Cesárea;;;;;;;;;x
c_galatia_adj;Galatian;Galate;Galatisch;;Gálatas;;;;;;;;;x
c_tyana_adj;Tyanan;Tyanienne;Tyaner;;Tianecenca;;;;;;;;;x
c_amisos_adj;Amisosian;Amisosienne;Amisosisch;;Aminosianés;;;;;;;;;x
c_sinope_adj;Sinopean;Sinopéenne;Sinopisch;;Sinopense;;;;;;;;;x
c_paphlagonia_adj;Paphlagonian;Paphlagonienne;Paphlagoner;;Hénetos;;;;;;;;;x
c_herakleia_adj;Herakleian;Héracléenne;Herakläer;;Herecleianés;;;;;;;;;x
c_ankyra_adj;Ancyran;Ankariote;Ankyran;;Angorense;;;;;;;;;x
c_nikaea_adj;Nikaean;Nicéenne;Nikäer;;Niceno;;;;;;;;;x
c_nikomedeia_adj;Nikomedeian;Nicomédienne;Nikomedäer;;Nicomediar;;;;;;;;;x
c_prusa_adj;Prusanian;Prusienne;Prusanian;;Prusiano;;;;;;;;;x
c_kyzikos_adj;Kyzikosian;Cyziquienne;Kyzikosian;;Cícico;;;;;;;;;x
c_dorylaion_adj;Dorylaionian;Doryléenne;Dorylaionisch;;Dorylaionés;;;;;;;;;x
c_ikonion_adj;Ikonionian;Ikonionienne;Ikonioner;;Ikonianés;;;;;;;;;x
c_sozopolis_adj;Sozopolisian;Sozopolitaine;Sozopolisian;;Sozopolisianés;;;;;;;;;x
c_laodikeia_adj;Laodikeian;Laodicéenne;Laodikäer;;Laodikeianés;;;;;;;;;x
c_ephesos_adj;Ephesosian;Éphèsienne;Ephesoser;;Efesio;;;;;;;;;x
c_smyrna_adj;Smyrnan;Izmirienne;Smyrnischer;;Smyrnanés;;;;;;;;;x
c_samos_adj;Samosian;Samosienne;Samosischer;;Samosiano;;;;;;;;;x
c_abydos_adj;Abydosian;Abydosienne;Abydosischer;;Abidostar;;;;;;;;;x
c_naxos_adj;Naxosian;Naxosienne;Naxoser;;Naxosianés;;;;;;;;;x
c_euboia_adj;Euboian;Eubéenne;Euboier;;Eubeo;;;;;;;;;x
c_lesbos_adj;Lesbosian;Lesbosienne;Lesboser;;Lesbiano;;;;;;;;;x
c_kaliopolis_adj;Kaliopolisian;Kaliopolitaine;Kaliopolisch;;Kaliopolitano;;;;;;;;;x
c_thrake_adj;Thrakeian;Thracienne;Thrakischer;;Tracio;;;;;;;;;x
c_adrianopolis_adj;Adrianopolitan;Andrinopolitaine;Adrianopolitischer;;Adrianopolitano;;;;;;;;;x
c_philippopolis_adj;Philippopolisian;Philippopolitaine;Philippopolisch;;Philippopolitano;;;;;;;;;x
c_chalkidike_adj;Chalkidikian;Chalcidienne;Chalkidikischer;;Chalkidikianés;;;;;;;;;x
c_thessalonike_adj;Thessalonikian;Thessalonicienne;Thessalonikischer;;Tesalonicense;;;;;;;;;x
c_thessalia_adj;Thessalian;Thessalienne;Thessalischer;;Tesalio;;;;;;;;;x
c_strymon_adj;Strymonian;Strymonienne;Strymonisch;;Strimoniano;;;;;;;;;x
c_ochrid_adj;Ochridian;Ohridienne;Ohridian;;Ohridianés;;;;;;;;;x
c_dyrrachion_adj;Dyrrachian;Épidamnienne;Dyrrachischer;;Dyrrachiano;;;;;;;;;x
c_epeiros_adj;Epirotian;Épirote;Epirotischer;;Ípeiros;;;;;;;;;x
c_arta_adj;Artan;Artane;Artan;;Artan;;;;;;;;;x
c_cephalonia_adj;Phaeacians;Céphalonienne;Phäaker;;Feacios;;;;;;;;;x
c_demetrias_adj;Demetrian;Démétrienne;Demetrischer;;Demetrio;;;;;;;;;x
c_hellas_adj;Hellenic;Hellénique;Hellenischer;;Helénico;;;;;;;;;x
c_atheniai_adj;Athenian;Athénienne;Athenischer;;Ateniense;;;;;;;;;x
c_achaia_adj;Achaian;Achaïenne;Achaisch;;Aqueo;;;;;;;;;x
c_korinthos_adj;Korinthian;Corinthienne;Korinthischer;;Corintio;;;;;;;;;x
c_methone_adj;Methonian;Méthonienne;Methonischer;;Metoniano;;;;;;;;;x
c_monemvasia_adj;Monemvasian;Malvoisine;Monemvasischer;;Monenvasio;;;;;;;;;x
c_kaneia_adj;Kaneian;Kanéienne;Kaneisch;;Kaneiano;;;;;;;;;x
c_chandax_adj;Chandaxian;Hérakliote;Chandaxischer;;Chandaxianés;;;;;;;;;x
c_famagusta_adj;Famagustian;Famagoustienne;Famagustischer;;Famagustianí;;;;;;;;;x
c_limisol_adj;Limisolian;Limassolienne;Limisolian;;Limassolense;;;;;;;;;x
c_theodosia_adj;Theodosian;Théodosienne;Theodosischer;;Teodosiano;;;;;;;;;x
c_korchev_adj;Korchevian;Korchévienne;Kerch;;Korcheviano;;;;;;;;;x
c_cherson_adj;Chersonian;Chersonienne;Chersonischer;;Quersoneso;;;;;;;;;x
c_tmutarakan_adj;Tmutarakanian;Tmoutarakanienne;Tmutarakanischer;;Tmutarakano;;;;;;;;;x
c_attaleia_adj;Attaleian;Attaléienne;Attaleisch;;Attaleiano;;;;;;;;;x
c_rhodos_adj;Rhodian;Rhodienne;Rhodischer;;Rodio;;;;;;;;;x
c_lykia_adj;Lykian;Lycienne;Lykisch;;Licios;;;;;;;;;x
c_gastrikland_adj;Gästriklander;Gestricienne;Gästriklander;;Gästriklander;;;;;;;;;x
c_aland_adj;Ålander;Ålandaise;Ålander;;Ålander;;;;;;;;;x
c_narke_adj;Närkian;Néricienne;Närkisch;;Narkiano;;;;;;;;;x
c_dal_adj;Dalabo;Dalabo;Dalabo;;Dalabo;;;;;;;;;x
c_viken_adj;Vikish;Vikenoise;Vikisch;;Vikish;;;;;;;;;x
c_lappland_adj;Lapplander;Laponne;Lappe;;Lapón;;;;;;;;;x
c_vasterbotten_adj;Västerbottnian;Västerbottnienne;Västerbottnischer;;Vasterbottniano;;;;;;;;;x
c_angermanland_adj;Ångermanlander;Ångermanienne;Ångermanlander;;Angermanlandés;;;;;;;;;x
c_medelpad_adj;Medelpadian;Medelpadienne;Medelpadischer;;Medelpadianés;;;;;;;;;x
c_halsingland_adj;Hälsinglander;Hälsinglandaise;Hälsinglandischer;;Halsinglandés;;;;;;;;;x
c_dalarna_adj;Dalish;Dalécarlienne;Dalisch;;Dalarnés;;;;;;;;;x
c_varmland_adj;Värmlander;Värmlandaise;Värmlandischer;;Varmlandés;;;;;;;;;x
c_vastmanland_adj;Västmanlander;Västmanlandaise;Västmanlandischer;;Vastmanlandés;;;;;;;;;x
c_oland_adj;Ölander;Ölandaise;Ölander;;Ölander;;;;;;;;;x
c_skane_adj;Scanian;Scanienne;Skanischer;;Escanio;;;;;;;;;x
c_halland_adj;Hallander;Hallandaise;Hallander;;Hallandés;;;;;;;;;x
c_bornholm_adj;Bornholmian;Bornholmienne;Bornholmer;;Burgundio;;;;;;;;;x
c_blekinge_adj;Blekinger;Blékingeoise;Blekinger;;Blekingés;;;;;;;;;x
c_sjaelland_adj;Sjællander;Sjællandaise;Sjælländer;;Zelandés;;;;;;;;;x
c_fyn_adj;Fynian;Fionienne;Fynischer;;Fynianés;;;;;;;;;x
c_slesvig_adj;Slesvigian;Slesvigienne;Schleswiger;;Slesvigiano;;;;;;;;;x
c_jylland_adj;Jyllander;Jutlandaise;Jyllander;;Jyllandés;;;;;;;;;x
c_hamburg_adj;Hamburgian;Hambourgeoise;Hamburgischer;;Hamburgués;;;;;;;;;x
c_lubeck_adj;Lübecker;Lübeckoise;Lübecker;;Lubeco;;;;;;;;;x
c_holstein_adj;Holsteinian;Holsteinaise;Holsteinischer;;Holsteiniano;;;;;;;;;x
c_bremen_adj;Bremenian;Brêmoise;Bremischer;;Bremense;;;;;;;;;x
c_oldenburg_adj;Oldenburgian;Oldenbourgeoise;Oldenburgischer;;Oldenburgués;;;;;;;;;x
c_osnabruck_adj;Osnabrückian;Osnabrückoise;Osnabrücker;;Osnabruckiano;;;;;;;;;x
c_munster_adj;Munsterian;Munsteroise;Münsteraner;;Munsteriano;;;;;;;;;x
c_gottingen_adj;Göttingian;Göttingenoise;Göttinger;;Gotingués;;;;;;;;;x
#c_mecklemburg_adj;Mecklemburgian;Mecklembourgeoise;Mecklenburgischer;;Mecklemburgués;;;;;;;;;x
c_rostock_adj;Rostocker;Rostockoise;Rostocker;;Rostokerés;;;;;;;;;x
c_werle_adj;Werlian;Werlienne;Werler;;Werlianés;;;;;;;;;x
c_rugen_adj;Rügenian;Rügenienne;Rügener;;Rugeniano;;;;;;;;;x
c_celle_adj;Cellian;Cellienne;Celler;;Celleno;;;;;;;;;x
c_luneburg_adj;Lüneburgian;Lunebourgeoise;Lüneburgischer;;Luneburguesa;;;;;;;;;x
c_braunschweig_adj;Braunschweigian;Brunswickoise;Braunschweigischer;;Neobrunswiqués;;;;;;;;;x
c_altmark_adj;Altmarkian;Altmarkienne;Altmärkischer;;Altmarkianés;;;;;;;;;x
c_anhalt_adj;Anhaltian;Anhaltienne;Anhalter;;Anhaltianés;;;;;;;;;x
c_meissen_adj;Meissian;Misnienne;Meißner;;Meisianés;;;;;;;;;x
c_weimar_adj;Weimarian;Weimarienne;Weimarer;;Weimarés;;;;;;;;;x
c_plauen_adj;Plauenian;Plauenienne;Plauischer;;Plauenianés;;;;;;;;;x
c_lausitz_adj;Lausitzian;Lausitzienne;Lausitzer;;Lusaciano;;;;;;;;;x
c_thuringen_adj;Thüringian;Thuringienne;Thüringer;;Turingio;;;;;;;;;x
c_nassau_adj;Nassauian;Nassauienne;Nassauer;;Nassauiano;;;;;;;;;x
c_frisia_adj;Frisian;Frisonne;Friesischer;;Frisio;;;;;;;;;x
c_holland_adj;Hollander;Hollandaise;Holländischer;;Holandés;;;;;;;;;x
c_westfriesland_adj;Westfrieslander;Frisie Occidentale;Westfriesischer;;Frisio;;;;;;;;;x
c_zeeland_adj;Zeelander;Zélandaise;Zeelander;;Zelandés;;;;;;;;;x
c_ostfriesland_adj;Ostfrieslander;Frisie Orientale;Ostfriesischer;;Ostfrieslandés;;;;;;;;;x
c_gelre_adj;Gelrian;Gueldrienne;Gelrischer;;Gelrianés;;;;;;;;;x
c_sticht_adj;Stichtian;Stichtienne;Stichter;;Stichtianés;;;;;;;;;x
c_brabant_adj;Brabantian;Brabantoise;Brabantischer;;Brabanzón;;;;;;;;;x
c_hainaut_adj;Hainautian;Hainautoise;Hainautischer;;Hainautianés;;;;;;;;;x
c_breda_adj;Bredian;Brédoise;Bredischer;;Brenés;;;;;;;;;x
c_luxembourg_adj;Luxembourgian;Luxembourgeoise;Luxemburgischer;;Luxemburgués;;;;;;;;;x
c_loon_adj;Loonian;Loonoise;Loonischer;;Loonianés;;;;;;;;;x
c_liege_adj;Liegian;Liégeoise;Lüttischer;;Liejense;;;;;;;;;x
c_koln_adj;Kölnian;Colonaise;Kölner;;Coloniense;;;;;;;;;x
c_julich_adj;Jülichian;Julieroise;Jülicher;;Julichiano;;;;;;;;;x
c_trier_adj;Trierian;Trévoise;Trierer;;Trieriano;;;;;;;;;x
c_kleve_adj;Klevian;Clévoise;Klever;;Clevereño;;;;;;;;;x
c_mainz_adj;Mainzian;Mayençaise;Mainzer;;Mainziano;;;;;;;;;x
c_leiningen_adj;Leiningian;Leiningenoise;Leiningischer;;Leiningiano;;;;;;;;;x
c_wurzburg;Würzburgian;Wurtzbourgeois;Würzburgischer;;Würzburgués;;;;;;;;;x
c_bamberg_adj;Bambergian;Bambergeoise;Bambergischer;;Bambergiano;;;;;;;;;x
c_pfalz_adj;Pfalzian;Palatine;Pfälzischer;;Palatinado;;;;;;;;;x
c_metz_adj;Metzian;Messine;Metzer;;Metzianés;;;;;;;;;x
c_verdun_adj;Verdunian;Verdunoise;Verduner;;Verdunés;;;;;;;;;x
c_lorraine_adj;Lorrainian;Lorrainne;Lothringischer;;Loreno;;;;;;;;;x
c_saintois_adj;Saintoisian;Saintoisienne;Saintoiser;;Saintoisiano;;;;;;;;;x
c_baden_adj;Badenian;Badenoise;Badischer;;Badenés;;;;;;;;;x
c_breisgau_adj;Breisgauer;Brisgauvienne;Breisgauer;;Breisgauerense;;;;;;;;;x
c_nordgau_adj;Nordgauer;Nordgauvienne;Nordgauer;;Nordgauerense;;;;;;;;;x
c_sundgau_adj;Sundgauer;Sundgauvienne;Sundgauer;;Sundgauerense;;;;;;;;;x
c_tirol_adj;Tyrolian;Tyrolienne;Tiroler;;Tirolés;;;;;;;;;x
c_trent_adj;Trentian;Trentinne;Trentischer;;Trentino;;;;;;;;;x
c_st_gallen_adj;St. Gallenian;Saint-Galloise;St. Gallener;;Gallenianés;;;;;;;;;x
c_innsbruck_adj;Innsbruckian;Innsbruckoise;Innsbruckischer;;Innsbruqués;;;;;;;;;x
c_schwaben_adj;Swabian;Souabienne;Schwäbischer;;Schwabianés;;;;;;;;;x
c_ulm_adj;Ulmian;Ulmoise;Ulmer;;Ulmianés;;;;;;;;;x
c_furstenberg_adj;Fürstenbergian;Fürstenbergeoise;Fürstenbergischer;;Furstenbergianés;;;;;;;;;x
c_wurttemberg_adj;Württembergian;Wurttembergeoise;Württembergischer;;Württembergués;;;;;;;;;x
c_kempten_adj;Kemptian;Kemptenienne;Kemptisch;;Kemptianés;;;;;;;;;x
c_oberbayern_adj;Oberbayerian;Haut-Bavaroise;Oberbayrischer;;Oberbayerianés;;;;;;;;;x
c_salzburg_adj;Salzburgian;Salzbourgeoise;Salzburger;;Salzburgués;;;;;;;;;x
c_niederbayern_adj;Niederbayerian;Bas-Bavaroise;Niederbayrischer;;Niederbayerianés;;;;;;;;;x
c_nurnberg_adj;Nürnbergian;Nurembergeoise;Nürnbergischer;;Altdorfense;;;;;;;;;x
c_passau_adj;Passauian;Passavienne;Passauisch;;Passauense;;;;;;;;;x
c_znojmo_adj;Znojmo;Znojmoise;Znojmoer;;Znojmo;;;;;;;;;x
c_osterreich_adj;Österreicher;Autrichienne;Österreichischer;;Austriaco;;;;;;;;;x
c_steiermark_adj;Steiermarkian;Styrienne;Steiermärkischer;;Steiermankianés;;;;;;;;;x
c_wolgast_adj;Wolgastian;Wolgastaise;Wolgaster;;Wolgastianés;;;;;;;;;x
c_stettin_adj;Stettiner;Stettinoise;Stettiner;;Stettinerés;;;;;;;;;x
c_danzig_adj;Danziger;Gdanskoise;Danziger;;Danziger;;;;;;;;;x
c_chelminskie_adj;Chelminskian;Chelminskienne;Kulmischer;;Chelminskianés;;;;;;;;;x
c_slupsk_adj;Slupskian;Slupskienne;Stolpischer;;Slupskianés;;;;;;;;;x
c_lubusz_adj;Lubuszian;Lubuszienne;Lebuser;;Lubuszianés;;;;;;;;;x
c_gnieznienskie_adj;Gnieznienskian;Gnesnoise;Gnieznienskier;;Gnieznienskianés;;;;;;;;;x
c_poznanskie_adj;Poznanskian;Poznanienne;Poznanskischer;;Poznarí;;;;;;;;;x
c_kaliskie_adj;Kaliskian;Kaliskienne;Kaliskischer;;Kaliskianés;;;;;;;;;x
c_lower_silesia_adj;Lower Silesian;Basse-Silésienne;Unterschlesischer;;Bajasilesiano;;;;;;;;;x
c_upper_silesia_adj;Upper Silesian;Haute-Silésienne;Oberschlesischer;;Altosilesiano;;;;;;;;;x
c_opole_adj;Opolian;Opolienne;Opolischer;;Opolense;;;;;;;;;x
c_cieszyn_adj;Cieszyan;Cieszynoise;Teschnischer;;Cieszyanés;;;;;;;;;x
c_krakowskie_adj;Krakowskian;Cracovienne;Krakauer;;Cracovio;;;;;;;;;x
c_sacz_adj;Saczian;Saczienne;Sandischer;;Saczianés;;;;;;;;;x
c_sandomierskie_adj;Sandomierskian;Sandomirienne;Sandomiersker;;Sandomierskianés;;;;;;;;;x
c_sieradzko-leczyckie_adj;Sieradzko-Leczyckian;Sieradzko-Leczyckienne;Sieradzko-Leczyckier;;Sieradzkoleczyckiandés;;;;;;;;;x
c_kujawy_adj;Kujawian;Cujavienne;Kujawischer;;Kujawianés;;;;;;;;;x
c_marienburg_adj;Marienburgian;Marienbourgeoise;Marienburgischer;;Marienburgués;;;;;;;;;x
c_galindia_adj;Galindian;Galindienne;Galindischer;;Galindianés;;;;;;;;;x
c_scalovia_adj;Scalovian;Scalovienne;Schalauischer;;Scalovianés;;;;;;;;;x
c_sambia_adj;Sambian;Sambienne;Sambischer;;Sambiano;;;;;;;;;x
c_plock_adj;Plockian;Plockienne;Plockisch;;Plockianés;;;;;;;;;x
c_czersk_adj;Czerskian;Czerskienne;Czerskischer;;Czerskianés;;;;;;;;;x
c_yatvyagi_adj;Yatvyagian;Yatvyagienne;Jatvjagischer;;Yatvyagianés;;;;;;;;;x
c_podlasie_adj;Podlasian;Podlasienne;Podlasischer;;Podlasianés;;;;;;;;;x
#c_jacwiez_adj;Jacwiezian;Jacwiezienne;Jacwiezischer;;Jacwiezianés;;;;;;;;;x
c_polotsk_adj;Polotskian;Polotskienne;Polotskischer;;Polotskianés;;;;;;;;;x
c_west_dvina_adj;West Dvinian;Dvinienne;West Dvinischer;;Oestedvinianés;;;;;;;;;x
#c_aukshayts_adj;Aukshaytsian;Aukshaytsiane;Aukshaytsischer;;Aukshaytsianés;;;;;;;;;x
#c_sudovia_adj;Sudovian;Sudovienne;Sudovian;;Sudovianés;;;;;;;;;x
c_turov_adj;Turovian;Turovienne;Turovischer;;Turovianés;;;;;;;;;x
c_pinsk_adj;Pinskian;Pinskienne;Pinsker;;Pinskianés;;;;;;;;;x
c_beresty_adj;Berestian;Berestienne;Berestischer;;Berestian;;;;;;;;;x
c_minsk_adj;Minskian;Minskienne;Minsker;;Minskeño;;;;;;;;;x
c_orsha_adj;Orshian;Orshienne;Orsha-;;Orshianeño;;;;;;;;;x
c_vitebsk_adj;Vitebskian;Vitebskienne;Witebsker;;Vitebskeño;;;;;;;;;x
c_zemigalians_adj;Zemigallian;Zemigalienne;Semgallener;;Zemigalianos;;;;;;;;;x
c_kurs_adj;Kursian;Kursienne;Kursischer;;Kursianés;;;;;;;;;x
c_zhmud_adj;Lithuanian;Zhmudienne;Litauischer;;Zhmudian;;;;;;;;;x
c_memel_adj;Memelian;Memeloise;Memelscher;;Memelianés;;;;;;;;;x
c_lettigalians_adj;Lettigallian;Latgalienne;Lettgallischer;;Lettigallianés;;;;;;;;;x
c_livs_adj;Livonian;Livonienne;Livländischer;;Livoniense;;;;;;;;;x
c_dorpat_adj;Dorpatian;Dorpatienne;Dorpatischer;;Dorpatiense;;;;;;;;;x
c_osel_adj;Öselian;Öselienne;Öselscher;;Oselianense;;;;;;;;;x
c_reval_adj;Kalevanian;Kalevanienne;Kalevaner;;Kalevanense;;;;;;;;;x
c_reval_adj_swedish;Revalian;Revalienne;Revaler;;Revalense;;;;;;;;;x
c_reval_adj_danish;Revalian;Revalienne;Revaler;;Revalense;;;;;;;;;x
c_reval_adj_norwegian;Revalian;Revalienne;Revaler;;Revalense;;;;;;;;;x
c_reval_adj_german;Revalian;Revalienne;Revaler;;Revalense;;;;;;;;;x
c_narva_adj;Narvaian;Narvaienne;Narvischer;;Narvaiaense;;;;;;;;;x
c_torzhok_adj;Torzhokian;Torzhokienne;Torzhokischer;;Torzhokianense;;;;;;;;;x
c_vodi_adj;Ingrian;Ingrienne;Ingrischer;;Ingrianense;;;;;;;;;x
c_onega_adj;Äänian;Äänienne;Äänischer;;Oneganiense;;;;;;;;;x
c_karelenv_adj;Karelenvian;Karelenvienne;Karelenvischer;;Karelenvianés;;;;;;;;;x
c_kexholm_adj;Kexholmian;Kexholmienne;Kexholmer;;Kexholmianense;;;;;;;;;x
c_savolaks_adj;Savolaksian;Savolaksienne;Savolakser;;Savolaksianense;;;;;;;;;x
#c_kajaneborg_adj;Kajaneborgian;Kajaneborgienne;Kajaneborgischer;;Kajaneborgianense;;;;;;;;;x
c_kemi_adj;Kemian;Kemienne;Kemischer;;Kemianense;;;;;;;;;x
c_kola_adj;Kolaian;Kolaienne;Kola-;;Kolaianense;;;;;;;;;x
c_kandalax_adj;Kandalaxian;Kandalakchaise;Kandalaxischer;;Kandalakshianense;;;;;;;;;x
c_viborg_adj;Viborgian;Vyborgienne;Wyborgischer;;Viborguense;;;;;;;;;x
c_nyland_adj;Nylander;Nylandaise;Nylander;;Nylandés;;;;;;;;;x
c_finland_adj;Finlander;Finlandaise;Finnischer;;Finlandés;;;;;;;;;x
c_tavasts_adj;Tavastian;Tavastienne;Tavastischer;;Tavastiense;;;;;;;;;x
c_satakunta_adj;Satakuntan;Satakuntaise;Satakuntan;;Satakuntés;;;;;;;;;x
c_osterbotten_adj;Ostrobothnian;Ostrobotnienne;Ostrobothnian;;Osterbottense;;;;;;;;;x
c_trans-portage_adj;Onegian;Onégienne;Onegian;;Onegianés;;;;;;;;;x
c_north_dvina_adj;North Dvinian;Nord-Dvinienne;Nord-Dvinischer;;Nortdvinianés;;;;;;;;;x
c_bjarmia_adj;Bjarmian;Biarmienne;Bjarmischer;;Bjarmian;;;;;;;;;x
c_samoyeds_adj;Samoyed;Samoyède;Samojedischer;;Samoyedo;;;;;;;;;x
c_hlynov_adj;Hlynovan;Hlynovoise;Hlinowischer;;Hlynoveño;;;;;;;;;x
c_ugra_adj;Ugraian;Ougraienne;Ugra-;;Ugrense;;;;;;;;;x
c_syrj_adj;Syrjian;Syrjienne;Sirjier;;Syrjiano;;;;;;;;;x
c_veliky_ustug_adj;Veliky Ustugian;Veliki Oustiougienne;Weliki-Ustjugischer;;Velikyense;;;;;;;;;x
c_romny_adj;Romnyian;Romnyienne;Romny-;;Romniense;;;;;;;;;x
c_beloozero_adj;Belo Ozerian;Beloozerienne;Beloserischer;;Beloozereño;;;;;;;;;x
c_zaozerye_adj;Zaozeryian;Zaozeryienne;Zaozerjischer;;Zaozeryianés;;;;;;;;;x
c_chud_adj;Chudian;Tchoude;Chudischer;;Chudense;;;;;;;;;x
c_vologda_adj;Vologdan;Vologdienne;Wologdanischer;;Vologdanense;;;;;;;;;x
c_bezhetsky_verh_adj;Ladogan;Ladogienne;Ladogischer;;Ladogianés;;;;;;;;;x
c_novgorod_adj;Novgorodian;Novgorodienne;Nowgoroder;;Novgorodiense;;;;;;;;;x
c_pskov_adj;Pskovian;Pskovienne;Pskower;;Pskoviense;;;;;;;;;x
c_velikiye_luki_adj;Lukian;Loukienne;Lukischer;;Lukianense;;;;;;;;;x
c_toropets_adj;Toropetsian;Toropetsienne;Toropetzer;;Toropetense;;;;;;;;;x
c_pereyaslavl_zalessky_adj;Pereyaslavl Zalesskyian;Pereslavl-Zalesskienne;Pereslawl-Salesskischer;;Pereyaslavlense;;;;;;;;;x
c_rostov_adj;Rostovian;Rostovienne;Rostowsch;;Rostovianense;;;;;;;;;x
c_uglich_adj;Uglichian;Ouglitchienne;Uglitscher;;Uglichanés;;;;;;;;;x
c_tver_adj;Tverian;Tvéritainne;Tverischer;;Tverianés;;;;;;;;;x
c_vyazma_adj;Vyazmian;Viazmienne;Wjasmischer;;Viazmanés;;;;;;;;;x
c_kostroma_adj;Kostromian;Kostromienne;Kostromischer;;Kostromaneño;;;;;;;;;x
c_yaroslavl_adj;Yaroslavlian;Iaroslavlienne;Jaroslawler;;Yaroslavlianés;;;;;;;;;x
c_galich_mersky_adj;Galich Merskyian;Galitch-Merskienne;Galich Merskyer;;Galichmerskyianés;;;;;;;;;x
c_gorodez_adj;Gorodezian;Gorodetsienne;Gorodezer;;Gorodezianés;;;;;;;;;x
c_nizhny_novgorod_adj;Nizhny Novgorodian;Nijégorodienne;Nischni-Nowgorod;;Nizhynovgorodianés;;;;;;;;;x
c_suzdal_adj;Suzdalian;Souzdalienne;Susdalischer;;Suzdalianés;;;;;;;;;x
c_vladimir_adj;Vladimiran;Vladimirienne;Wladimirischer;;Vladimiranés;;;;;;;;;x
c_murom_adj;Muromian;Mouromienne;Muromischer;;Moromianés;;;;;;;;;x
c_ryazan_adj;Ryazanian;Riazanaise;Ryasanischer;;Ryazanés;;;;;;;;;x
c_kolomna_adj;Kolomnian;Kolomnienne;Kolomnischer;;Kolomnianés;;;;;;;;;x
c_moskva_adj;Muscovite;Moscovite;Moskauer;;Moscovita;;;;;;;;;x
c_bryansk_adj;Bryanskian;Brianskienne;Brjansker;;Bryanskianés;;;;;;;;;x
c_smolensk_adj;Smolenskian;Smolenskoise;Smolensker;;Smolenskeño;;;;;;;;;x
c_mstislavl_adj;Mstislavlian;Mstislavlienne;Mstislawler;;Mstislavlianés;;;;;;;;;x
c_lyubech_adj;Lyubechian;Lioubetchienne;Ljubetscher;;Lyubechianés;;;;;;;;;x
c_chernigov_adj;Chernigovian;Tchernigovienne;Tschernigower;;Chernigovianés;;;;;;;;;x
c_korsun_adj;Korsunian;Korsounienne;Korsunischer;;Korsunés;;;;;;;;;x
c_terebovl_adj;Terebovlian;Terebovlienne;Terebowler;;Terebovlianés;;;;;;;;;x
c_kiev_adj;Kievian;Kievienne;Kiewer;;Kieveños;;;;;;;;;x
c_galich_adj;Galichian;Galitchienne;Galitscher;;Galichianés;;;;;;;;;x
c_peremyshl_adj;Peremyshlian;Peremyshlienne;Peremyschler;;Peremyshlianés;;;;;;;;;x
c_vladimir_volynsky_adj;Vladimir Volynskyan;Vladimir-Volynskienne;Wolodymyr-Wolynskyscher;;Vladimirvolynskianés;;;;;;;;;x
c_novgorod_seversky_adj;Novgorod-Severskian;Novgorod-Severskienne;Nowgorod-Sewerskischer;;Novgorodserverskianés;;;;;;;;;x
c_pronsk_adj;Pronskian;Pronskienne;Pronsker;;Pronskianés;;;;;;;;;x
c_zyriane_adj;Zyrian;Zyrienne;Zyrischer;;Zyrianés;;;;;;;;;x
c_votyaki_adj;Votyakian;Votyakienne;Wotjakischer;;Votyakianés;;;;;;;;;x
c_kama_adj;Kamian;Kamienne;Kamischer;;Kamianés;;;;;;;;;x
c_bilyar_adj;Bilyarian;Bilyarienne;Biljarer;;Bilyarianés;;;;;;;;;x
c_bulgar_adj;Bulgarian;Bulgare;Bulgarischer;;Búlgaro;;;;;;;;;x
c_syrt_adj;Syrtian;Syrtienne;Syrter;;Syrtianés;;;;;;;;;x
c_southern_ural_adj;Southern Uralian;Ouralienne;Süduralischer;;Sur uralianés;;;;;;;;;x
c_bashkirs_adj;Bashkir;Bashkire;Baschkir;;Bashkirés;;;;;;;;;x
c_mozhaysk_adj;Mozhayskian;Mojaïskienne;Moschajskischer;;Mozhayskianés;;;;;;;;;x
#c_grassland_cheremisa_adj;Grassland Cheremisian;Cheremis Des Prairies;Cheremisa-Grasland;;Cheremisianés;;;;;;;;;x
c_chuvash_adj;Chuvashian;Tchouvache;Tschuwascher;;Chuvashianés;;;;;;;;;x
#c_mountain_cheremisa_adj;Mountain Cheremisian;Cheremis Des Montagnes;Cheremisa-Gebirge;;Montaña Cheremia;;;;;;;;;x
c_burtasy_adj;Burtasyan;Burtasyan;Burtasyan;;Burtasyanés;;;;;;;;;x
c_mordva_adj;Mordvian;Mordvienne;Mordwa-;;Mordvianés;;;;;;;;;x
c_itil_adj;Itilian;Itilienne;Itilischer;;Itilianés;;;;;;;;;x
c_yaik_adj;Yaikian;Yaikienne;Jaikischer;;Yaikianés;;;;;;;;;x
c_uzens_adj;Uzensian;Ouzenienne;Usensischer;;Uzensianés;;;;;;;;;x
c_lower_volga_adj;Lower Volgian;Volguienne;Niederwolgaer;;Bajovolganés;;;;;;;;;x
c_ryn_desert_adj;Rynian;Rynienne;Rynischer;;Rynianés;;;;;;;;;x
c_saray_adj;Sarayan;Sarayanne;Sarajan;;Sarayaní;;;;;;;;;x
c_khopyor_adj;Khopyorian;Khopiorienne;Chopjorischer;;Khopyorianés;;;;;;;;;x
c_sugrov_adj;Sugrovian;Sugrovienne;Sugrower;;Sugrovianés;;;;;;;;;x
c_desht-i-kipchak_adj;Desht-i-Kipchakian;Deshti-Kiptchakienne;Descht-i-Kiptschaker;;Deshtikipchakí;;;;;;;;;x
c_sarkel_adj;Sarkelian;Sarkelienne;Sarkelischer;;Sarkelí;;;;;;;;;x
c_don_portage_adj;Don Portagian;Don Portagianne;Don Portagian;;Donportagianés;;;;;;;;;x
c_pereyaslavl_adj;Pereyaslavian;Pereslavienne;Perejaslawler;;Peresyaslavianés;;;;;;;;;x
c_sharukan_adj;Sharukanian;Sharukanienne;Scharukanischer;;Sharukanianés;;;;;;;;;x
c_lower_don_adj;Lower Donian;Basse Donienne;Unterdon;;Lowerdonianés;;;;;;;;;x
c_chortitza_adj;Chortitzian;Chortitzienne;Tschortitzer;;Chortitzanés;;;;;;;;;x
c_oleshye_adj;Oleshyan;Oleshyenne;Olescher;;Oleshyení;;;;;;;;;x
c_lukomorie_adj;Lukomorian;Lucomorienne;Lukomorischer;;Lukomorianés;;;;;;;;;x
c_lower_dniepr_adj;Lower Dnieprian;Dnieprienne;Unterdnjeprischer;;Lowerdnieprianés;;;;;;;;;x
c_crimea_adj;Crimean;Criméenne;Krim-;;Crimeo;;;;;;;;;x
c_peresechen_adj;Peresechenian;Peresechenienne;Peresetschenischer;;Peresechenianés;;;;;;;;;x
c_torki_adj;Torkian;Torkienne;Torkischer;;Torkianés;;;;;;;;;x
c_olvia_adj;Olvian;Olvienne;Olvianischer;;Olvianés;;;;;;;;;x
c_belgorod_adj;Belgorodian;Belgorodoise;Belgoroder;;Belgorodiano;;;;;;;;;x
c_birlad_adj;Birladian;Bârladienne;Birladischer;;Birladianés;;;;;;;;;x
c_perm_adj;Permian;Permienne;Permischer;;Permianés;;;;;;;;;x
c_chelyabi_adj;Chelyabian;Tchéliabinskoise;Tscheljabinsker;;Chelvabinés;;;;;;;;;x
c_khantia_adj;Khantian;Khantienne;Chantischer;;Khantianés;;;;;;;;;x
c_mansia_adj;Mansian;Mansiïskoise;Mansischer;;Mansianés;;;;;;;;;x
c_surgut_adj;Surgutian;Sourgoutienne;Surguter;;Surgutí;;;;;;;;;x
c_baluchistan;Baluchistanian;Baloutchistanais;Baluchistanischer;;Baluchistanian;;;;;;;;;x
c_oral_adj;Oralian;Oralienne;Oralischer;;Oralí;;;;;;;;;x
c_guryev_adj;Guryevian;Gourievienne;Gurjevischer;;Guryevianés;;;;;;;;;x
c_aqtobe_adj;Aqtobian;Aqtöbienne;Aqtöbischer;;Aqtobianés;;;;;;;;;x
c_omsk_adj;Omskian;Omskoise;Omsker;;Omskaní;;;;;;;;;x
c_kyzylorda_adj;Kyzylordan;Kyzylordane;Qysylorder;;Kyzylordanés;;;;;;;;;x
c_komi_adj;Komian;Komi;Komischer;;Komianés;;;;;;;;;x
c_yamalia_adj;Yamalian;Iamalienne;Jamalischer;;Yamalianés;;;;;;;;;x
c_turnu_adj;Turnuian;Turnuienne;Turnuer;;Turnuianés;;;;;;;;;x
c_tirgoviste_adj;Tirgovistian;Târgovistienne;Tirgovister;;Tirgonistaní;;;;;;;;;x
c_severin_adj;Severinian;Severinienne;Severiner;;Severinés;;;;;;;;;x
c_tana_adj;Tanan;Tanane;Tanan;;Tananés;;;;;;;;;x
c_azov_adj;Azovian;Azovienne;Asowischer;;Azovianés;;;;;;;;;x
c_kuban_adj;Kuban;Koubane;Kuban;;Kubaní;;;;;;;;;x
c_sarpa_adj;Sarpan;Sarpane;Sarpa-;;Sarpanés;;;;;;;;;x
c_yegorlyk_adj;Yegorlykian;Iegorlykienne;Jegorlykischer;;Yegorlykanés;;;;;;;;;x
c_manych_adj;Manychian;Manychienne;Manytschischer;;Manychanés;;;;;;;;;x
c_alania_adj;Alanian;Alanienne;Alanischer;;Alano;;;;;;;;;x
c_kuma_adj;Kuman;Kuman;Kuman;;Kumanés;;;;;;;;;x
c_emba_adj;Emban;Embane;Emba-;;Embaní;;;;;;;;;x
c_mangyshlak_adj;Mangyshlakian;Mangyshlakienne;Mangyschlakischer;;Mangyshlanés;;;;;;;;;x
c_usturt_adj;Usturtian;Oustourtienne;Usturtischer;;Usturtianés;;;;;;;;;x
c_kara-kum_adj;Kara-Kumian;Karakumienne;Kara-Kumi-;;Karakumí;;;;;;;;;x
c_bukhara_adj;Bukharan;Boukharane;Bucharischer;;Bukharanés;;;;;;;;;x
c_merv_adj;Mervian;Mervienne;Mervischer;;Mervianés;;;;;;;;;x
c_dihistan_adj;Dihistian;Dihistiane;Dihister;;Dihistaní;;;;;;;;;x
#c_khorasan_adj;Khorasian;Khorasienne;Khorasaner;;Khorasanés;;;;;;;;;x
c_gurgan_adj;Gurgian;Gorganienne;Gurganer;;Gurgano;;;;;;;;;x
c_nishapur_adj;Nishapuran;Nichapurienne;Nischerapurer;;Hishapuranés;;;;;;;;;x
c_qohistan_adj;Qohistian;Kohistanienne;Qohistischer;;Qohistaní;;;;;;;;;x
c_lut_adj;Lutian;Lutienne;Lutischer;;Lutianés;;;;;;;;;x
c_tabaristan_adj;Tabaristani;Tabaristanaise;Tabaristanischer;;Tabaristaní;;;;;;;;;x
c_mazandaran_adj;Mazandarian;Mazandarani;Masandarischer;;Mazandaraní;;;;;;;;;x
c_qwivir_adj;Qwiviran;Qwivirienne;Qwivirischer;;Qwiviranés;;;;;;;;;x
c_esfahan_adj;Esfahanian;Ispahanienne;Isfahaner;;Esfahaní;;;;;;;;;x
c_yazd_adj;Yazdian;Yazdienne;Yazdisch;;Yazdianés;;;;;;;;;x
#c_avhaz_adj;Avhazian;Avhazienne;Avhazian;;Avhazianés;;;;;;;;;x
c_shiraz_adj;Shirazian;Shirazienne;Shirazer;;Shirazí;;;;;;;;;x
c_sistan;Sistan;Sistan;Sistan;;Sistán;;;;;;;;;x
c_hormuz_adj;Hormuzian;Ormuzienne;Hormuz-;;Hormuziano;;;;;;;;;x
c_kerman_adj;Kermian;Kermienne;Kermaner;;Kermaní;;;;;;;;;x
c_ladistan_adj;Ladistian;Ladistienne;Ladistanischer;;Ladistaní;;;;;;;;;x
c_zermanya_adj;Zermanyan;Zermanyane;Zermanischer;;Zermanyanés;;;;;;;;;x
c_fars_adj;Farsi;Farse;Fars-;;Farsi;;;;;;;;;x
c_hendjan_adj;Hendjan;Hendjane;Hendjaner;;Hendjanés;;;;;;;;;x
c_khozistan_adj;Khozistian;Khouzistanaise;Khozistanischer;;Khusistaní;;;;;;;;;x
c_qom_adj;Qomian;Qomienne;Qomian;;Qomianés;;;;;;;;;x
c_hamadan_adj;Hamadian;Hamadanienne;Hamadaner;;Hamadanés;;;;;;;;;x
c_rayy_adj;Rayyan;Rayienne;Rayyan;;Rayyanés;;;;;;;;;x
c_maverannahr_adj;Khivan;Khivienne;Xivanischer;;Khivanés;;;;;;;;;x
c_dashhowuz_adj;Dashhowuzian;Dashowuzienne;Daschowusischer;;Dashhowuzianés;;;;;;;;;x
c_samarkand_adj;Samarkandian;Samarcandienne;Samarkander;;Maracandés;;;;;;;;;x
c_balkh_adj;Balkhian;Balkhienne;Balchischer;;Balkanés;;;;;;;;;x
c_herat_adj;Heratian;Hératienne;Herater;;Heratí;;;;;;;;;x
c_birjand_adj;Birjandi;Birjandi;Birjandischer;;Birjandí;;;;;;;;;x
c_farrah_adj;Farrahian;Farrahienne;Farrahischer;;Farranés;;;;;;;;;x
c_zahedan_adj;Zahedanian;Zahedanienne;Zahedanischer;;Zahedaní;;;;;;;;;x
c_bam_adj;Bamian;Bamienne;Bamischer;;Bamianeño;;;;;;;;;x
c_tis_adj;Tisian;Tisienne;Tisischer;;Tisianés;;;;;;;;;x
c_sabzevar_adj;Sabzevarian;Sabzevarienne;Sabsewarischer;;Sabzevarí;;;;;;;;;x
c_qazwin_adj;Qazwinian;Qazvinienne;Qazwinischer;;Qazwinés;;;;;;;;;x
c_dailam_adj;Dailamian;Daylamite;Dailamischer;;Dailamianés;;;;;;;;;x
c_kermanshah_adj;Kermanshahian;Kermanshahienne;Kermanshahischer;;Kermanshahí;;;;;;;;;x
c_luristan_adj;Luristian;Lorestanienne;Luristanischer;;Luristanés;;;;;;;;;x
c_ilam_adj;Ilamian;Ilamienne;Ilamischer;;Ilamí;;;;;;;;;x
c_tigris_adj;Tigrisian;Tigrisienne;Tigriser;;Tigrisense;;;;;;;;;x
c_al_amarah_adj;Al Amarahian;Al Amarahienne;Al Amarahischer;;Alamarahianense;;;;;;;;;x
c_al_nasiryah_adj;Al Nasiryahian;Al Nassiryahienne;Al Nasiridja-;;Nasiriyanés;;;;;;;;;x
c_kufa_adj;Kufan;Koufane;Kufa-;;Kufaní;;;;;;;;;x
c_rummah_adj;Rummahian;Rumahienne;Rummahischer;;Rummahianés;;;;;;;;;x
c_kuwait_adj;Kuwaitan;Koweitienne;Kuwaitischer;;Kuwaití;;;;;;;;;x
c_basra_adj;Basran;Basranne;Basra-;;Basran;;;;;;;;;x
c_damman_adj;Dammani;Dammani;Dammaner;;Damaní;;;;;;;;;x
c_al_hasa_adj;Al Hasan;Al Hasanne;Al Hasaner;;Al hasanés;;;;;;;;;x
c_bahrein_adj;Bahreinian;Bahreïnienne;Bahreiner;;Bahirení;;;;;;;;;x
c_al_nadjaf_adj;Al Nadjafian;Nadjafienne;Al Nadschafischer;;Al Nadjafianés;;;;;;;;;x
c_al_habbariyah_adj;Al Habbariyahian;Al Habbariyahiane;Al Habbarijah-;;Al Habbariyanés;;;;;;;;;x
c_ar_ar_adj;Shakian;Shakienne;Shakian;;Shakianés;;;;;;;;;x
c_madaba_adj;Madaban;Madabane;Madaban;;Madabanés;;;;;;;;;x
c_az_zarqa_adj;Az Zarqan;Az Zarkane;Az Zarqanischer;;Az Zarcanés;;;;;;;;;x
c_karbala_adj;Karbalan;Karbalane;Karbalischer;;Karbalanés;;;;;;;;;x
c_baghdad_adj;Baghdadian;Bagdadienne;Baghdader;;Bagdadí;;;;;;;;;x
c_deir_adj;Deirian;Deirienne;Deirischer;;Deirianés;;;;;;;;;x
#c_euphrates_adj;Euphratian;Euphratienne;Euphratischer;;Eufrateño;;;;;;;;;x
c_kirkuk_adj;Kirkukian;Kirkoukienne;Kirkuker;;Kirkukianés;;;;;;;;;x
c_mosul_adj;Mosulian;Mossoulienne;Mosuler;;Mosulianés;;;;;;;;;x
c_kurdistan_adj;Kurdistanian;Kurde;Kurdistanischer;;Kurdo;;;;;;;;;x
c_al_jazira_adj;Al Jaziran;Al Jazirane;Al Jazira-;;Aljaziraní;;;;;;;;;x
c_al_bichri_adj;Al Bichrian;Al Bichriane;Al Bichri-;;Bichrianés;;;;;;;;;x
c_sinjar_adj;Sinjarian;Sinjarienne;Sindscharischer;;Sinjarianés;;;;;;;;;x
c_bira_adj;Biranian;Biranienne;Biranischer;;Biraés;;;;;;;;;x
c_oromieh_adj;Oromiehian;Orumiehienne;Oromieh-;;Oromiehianés;;;;;;;;;x
c_gilan_adj;Gilanian;Gilani;Gilanischer;;Gilaní;;;;;;;;;x
c_tabriz_adj;Tabrizian;Tabrizienne;Tabrisischer;;Tauris;;;;;;;;;x
c_shirvan_adj;Shirvanian;Shirvanienne;Schirwanischer;;Shirvanian;;;;;;;;;x
c_azerbaijan_adj;Azerbaijani;Azéri;Aserbaidschanischer;;Azerbaiyano;;;;;;;;;x
c_suenik_adj;Suenikian;Suenikienne;Suenikischer;;Suenikiano;;;;;;;;;x
c_shemakha_adj;Shemakhan;Shemakhane;Shemakischer;;Shemakhanés;;;;;;;;;x
c_vaspurakan_adj;Vaspurakani;Vaspourakanienne;Vaspurakani;;Vaspurakaniense;;;;;;;;;x
c_dwin_adj;Dwinian;Dvinienne;Dwinischer;;Dwinés;;;;;;;;;x
c_ani_adj;Anian;Anienne;Anischer;;Anianés;;;;;;;;;x
c_karin_adj;Karinian;Karinienne;Karinischer;;Karinense;;;;;;;;;x
#c_mesopotamia_adj;Mesopotamian;Mésopotamienne;Mesopotamischer;;Mesopotámico;;;;;;;;;x
c_taron_adj;Taronian;Taronienne;Taronischer;;Taroniano;;;;;;;;;x
c_amida_adj;Amidan;Amidienne;Amidan;;Amidanés;;;;;;;;;x
c_nisibin_adj;Nisibinian;Nisibinienne;Nisibinischer;;Nisibinés;;;;;;;;;x
c_edessa_adj;Edessan;Édessoise;Edessischer;;Edessano;;;;;;;;;x
c_tell_bashir_adj;Tell Bashirian;Tell Bashirienne;Tell Baschirischer;;Bahirianés;;;;;;;;;x
c_aintab_adj;Aintabian;Aintabienne;Aintabischer;;Aintabiano;;;;;;;;;x
c_koloneia_adj;Coloneian;Colonéenne;Colonäischer;;Coloniense;;;;;;;;;x
c_melitene_adj;Melitenian;Mélitènienne;Melitenischer;;Meliteniense;;;;;;;;;x
c_lykandos_adj;Lykandosian;Lykandosienne;Lykandosischer;;Lykandonés;;;;;;;;;x
c_tarsos_adj;Tarsosian;Tarsienne;Tarsos-;;Tarseño;;;;;;;;;x
c_adana_adj;Adanan;Adanienne;Adanischer;;Adanés;;;;;;;;;x
c_teluch_adj;Teluchian;Teluchienne;Telucher;;Teluchianés;;;;;;;;;x
c_seleukeia_adj;Seleukeian;Séleukéiane;Seleukischer;;Seleukeianense;;;;;;;;;x
c_theodosiopolis_adj;Theodosiopolite;Théodosiopolitaine;Theodosiopoliter;;Theodosiopolitano;;;;;;;;;x
c_trapezous_adj;Trapezousian;Trapézousienne;Trapezouser;;Trapezousiano;;;;;;;;;x
c_chaldea_adj;Chaldean;Chaldéenne;Kaldäischer;;Caldeo;;;;;;;;;x
c_kartli_adj;Kartlian;Karthlienne;Kartlischer;;Kartlianés;;;;;;;;;x
c_tao_adj;Taoian;Taoienne;Tao-;;Taoianí;;;;;;;;;x
c_guria_adj;Gurian;Gourienne;Gurischer;;Gurianés;;;;;;;;;x
c_kakheti_adj;Kakhetian;Kakhétienne;Kakhetischer;;Kakhetianés;;;;;;;;;x
c_albania_adj;Albanian;Albanaise;Albanischer;;Albanés;;;;;;;;;x
c_derbent_adj;Derbentian;Derbentienne;Derbenter;;Derbentianés;;;;;;;;;x
c_semender_adj;Semenderian;Semenderienne;Semender-;;Semenderiano;;;;;;;;;x
c_imeretia_adj;Imeretian;Iméréthienne;Imeretischer;;Imeretano;;;;;;;;;x
c_kasogs_adj;Kasogsian;Kasogue;Kasogser;;Kasogsiano;;;;;;;;;x
c_abkhazia_adj;Abkhazian;Abkhazienne;Abkhasischer;;Abkhaziano;;;;;;;;;x
c_tyrnovo_adj;Tyrnovian;Turnovienne;Tyrnowischer;;Tyrnoviano;;;;;;;;;x
c_serdica_adj;Serdican;Serdicane;Serdica-;;Serdicanés;;;;;;;;;x
c_nikopolis_adj;Nikopolisian;Nikopolitaine;Nikopolitischer;;Nikopolitano;;;;;;;;;x
c_dorostotum_adj;Dorostotumian;Dorostotumienne;Dorostotumer;;Dorostotumianés;;;;;;;;;x
c_mesembria_adj;Mesembrian;Mésembrienne;Mesembrischer;;Mesembrianés;;;;;;;;;x
c_karvuna_adj;Karvunan;Karvunane;Karwunischer;;Karvunés;;;;;;;;;x
c_constantia_adj;Constantian;Constantine;Constantischer;;Constantianense;;;;;;;;;x
c_galaz_adj;Galazian;Galazienne;Galazischer;;Galazianés;;;;;;;;;x
c_vidin_adj;Vidinian;Vidinoise;Widinischer;;Vidinés;;;;;;;;;x
c_naissus_adj;Naissosian;Naissosienne;Naissos-;;Naissosianés;;;;;;;;;x
c_belgrade_adj;Belgradian;Belgradoise;Belgradischer;;Belgradense;;;;;;;;;x
c_temes_adj;Temesian;Temesienne;Temesischer;;Temesianeño;;;;;;;;;x
c_bacs_adj;Bacsian;Bacsienne;Bács-;;Bacsiano;;;;;;;;;x
c_rashka_adj;Rashkan;Rashkane;Rashka-;;Rashkanés;;;;;;;;;x
c_hum_adj;Humian;Humienne;Hum-;;Humí;;;;;;;;;x
c_zeta_adj;Zetan;Zétane;Zetan;;Zetanés;;;;;;;;;x
c_ragusa_adj;Ragusan;Ragusienne;Ragusischer;;Ragusaní;;;;;;;;;x
c_krizevci_adj;Krizevcian;Krizevcienne;Krizevcischer;;Drizevcianés;;;;;;;;;x
c_zagreb_adj;Zagrebian;Zagréboise;Zagreber;;Zagrebí;;;;;;;;;x
c_varadzin_adj;Varazdinian;Varazdinoise;Varazdiner;;Varazdinianés;;;;;;;;;x
c_rama_adj;Raman;Ramane;Raman;;Ramanés;;;;;;;;;x
c_usora_adj;Usoran;Usorane;Usorer;;Usorí;;;;;;;;;x
c_zachlumia_adj;Zachlumian;Zachlumienne;Zachlumischer;;Zachlumianés;;;;;;;;;x
c_senj_adj;Senjian;Senjienne;Senj-;;Senjianés;;;;;;;;;x
c_veglia_adj;Veglian;Véglienne;Veglia-;;Veglianense;;;;;;;;;x
c_split_adj;Splitian;Splitienne;Split-;;Splitiense;;;;;;;;;x
c_zadar_adj;Zadarian;Zadarienne;Zadarer;;Zadariense;;;;;;;;;x
c_pecs_adj;Pecsian;Pecsienne;Pecser;;Pecsí;;;;;;;;;x
c_szekezfehervar_adj;Szekesfehervarian;Szekesfehervarienne;Szekesfehervarer;;Szekesfehervarianés;;;;;;;;;x
c_vas_adj;Vasian;Vasienne;Vasischer;;Vasiano;;;;;;;;;x
c_fejer_adj;Fejerian;Fejerienne;Fejer-;;Fejeriano;;;;;;;;;x
c_sopron_adj;Sopronian;Sopronienne;Soproner;;Soproniano;;;;;;;;;x
c_esztergom_adj;Esztergomian;Esztergomienne;Esztergomer;;Estrigonianés;;;;;;;;;x
c_pressburg_adj;Pressburgian;Presbourgeoise;Pressburgischer;;Bratislavo;;;;;;;;;x
c_nitra_adj;Nyitran;Nyitrane;Nyitra-;;Nitranés;;;;;;;;;x
c_trencin_adj;Trencínian;Trencsénienne;Trencíner;;Trenciniano;;;;;;;;;x
c_gemer_adj;Gemerian;Gömörienne;Gemerer;;Gemerés;;;;;;;;;x
#c_orava_adj;Oravian;Oravienne;Oraver;;Oravanés;;;;;;;;;x
#c_saris_adj;Sarisian;Sarisienne;Sarisischer;;Sarisiano;;;;;;;;;x
c_bereg_adj;Beregian;Beregienne;Bereger;;Beregés;;;;;;;;;x
c_abauj_adj;Abaujian;Abaújienne;Abaúj-;;Abaujano;;;;;;;;;x
c_marmaros_adj;Marmarosian;Marmarosienne;Marmaroser;;Marmarí;;;;;;;;;x
c_heves_adj;Hevian;Hévésienne;Heveser;;Hevianés;;;;;;;;;x
c_pest_adj;Pestian;Pestienne;Pester;;Pestense;;;;;;;;;x
c_csanad_adj;Csanadian;Csanádienne;Csanader;;Cesanadianés;;;;;;;;;x
c_szekelyfold_adj;Szekelyfoldian;Sicule;Szekelyfoldischer;;Szekelyfoldianés;;;;;;;;;x
c_bihar_adj;Biharian;Biharienne;Bihar-;;Biarense;;;;;;;;;x
c_feher_adj;Feherian;Fehérienne;Fehér-;;Feheriano;;;;;;;;;x
c_istria_adj;Istrian;Istrienne;Istrischer;;Istriano;;;;;;;;;x
c_krain_adj;Krainian;Carnolienne;Krainer;;Carnio;;;;;;;;;x
c_karnten_adj;Karntenian;Kärntenienne;Kärntner;;Carintiano;;;;;;;;;x
c_aquileia_adj;Aquileian;Aquiléenne;Aquileia-;;Aquileiesí;;;;;;;;;x
c_venezia_adj;Venezian;Vénitienne;Venezischer;;Veneciano;;;;;;;;;x
c_treviso_adj;Trevisian;Trévisienne;Treviso-;;Trevisano;;;;;;;;;x
c_verona_adj;Veronian;Véronaise;Veronischer;;Veronés;;;;;;;;;x
c_padova_adj;Padovian;Padouane;Padova-;;Padovano;;;;;;;;;x
c_mantua_adj;Mantuian;Mantouane;Mantuaner;;Mantuano;;;;;;;;;x
c_padua;Paduan;Padouan;Paduan;;Paduano;;;;;;;;;x
c_lombardia_adj;Lombard;Lombarde;Lombardischer;;Lombardo;;;;;;;;;x
c_brescia_adj;Brescian;Bresciane;Brescianer;;Bresciano;;;;;;;;;x
c_chur;Churian;Coirien;Churischer;;Coiranés;;;;;;;;;x
c_grisons_adj;Grisonian;Grisonne;Grisons-;;Grisonés;;;;;;;;;x
c_pavia_adj;Pavian;Pavesane;Pavia-;;Paviense;;;;;;;;;x
c_cremona_adj;Cremonian;Crémonaise;Cremona-;;Cremonense;;;;;;;;;x
c_monferrato_adj;Monferratian;Montferratienne;Monferratischer;;Monferratiano;;;;;;;;;x
c_genoa_adj;Genoese;Génoise;Genuanischer;;Genovés;;;;;;;;;x
c_modena_adj;Modenian;Modénaise;Modena-;;Modenesí;;;;;;;;;x
c_parma_adj;Parmian;Parmesane;Parma-;;Parmensí;;;;;;;;;x
c_bologna_adj;Bolognian;Bolonaise;Bologneser;;Boloñeses;;;;;;;;;x
c_ferrara_adj;Ferrarian;Ferraraise;Ferrara-;;Ferrarés;;;;;;;;;x
c_ravenna_adj;Ravennian;Ravennate;Ravennischer;;Ravenés;;;;;;;;;x
c_lucca_adj;Luccian;Lucquoise;Luccianischer;;Luchesí;;;;;;;;;x
c_firenze_adj;Firenzian;Florentine;Florenzianer;;Florentino;;;;;;;;;x
c_siena_adj;Sienian;Siennoise;Siena-;;Sienés;;;;;;;;;x
c_pisa_adj;Pisan;Pisane;Pisa-;;Pisano;;;;;;;;;x
c_piombino_adj;Piombinian;Piombinaise;Piombinischer;;Piombinesí;;;;;;;;;x
c_orbetello_adj;Orbetellian;Orbetellane;Orbetellischer;;Orbetellaní;;;;;;;;;x
c_ancona_adj;Anconian;Ancônitaine;Anconischer;;Anconitano;;;;;;;;;x
c_urbino_adj;Urbinian;Urbinate;Urbinischer;;Urbinati;;;;;;;;;x
c_roma_adj;Roman;Romaine;Römischer;;Romano;;;;;;;;;x
c_spoleto_adj;Spoletian;Spolétane;Spoletischer;;Spoletino;;;;;;;;;x
c_orvieto_adj;Orvietian;Orviétane;Orvietischer;;Orvietano;;;;;;;;;x
c_corsica_adj;Corsican;Corse;Korsischer;;Corso;;;;;;;;;x
c_arborea_adj;Arborean;Arboréane;Arboreischer;;Arborensí;;;;;;;;;x
c_cagliari_adj;Cagliarian;Cagliaritaine;Cagliarischer;;Cagliaritano;;;;;;;;;x
c_benevento_adj;Benevenetian;Bénéventine;Benevenetischer;;Beneventano;;;;;;;;;x
c_capua_adj;Capuan;Capouane;Capua-;;Capuano;;;;;;;;;x
c_apulia_adj;Apulian;Apulienne;Apulischer;;Apulio;;;;;;;;;x
c_foggia_adj;Foggian;Foggienne;Foggia-;;Foggiano;;;;;;;;;x
c_bari_adj;Barian;Baresienne;Barischer;;Barés;;;;;;;;;x
c_lecce_adj;Leccian;Leccienne;Lecce-;;Leccetano;;;;;;;;;x
c_salerno_adj;Salernian;Salernitaine;Salernischer;;Salernitano;;;;;;;;;x
c_napoli_adj;Napolitanian;Napolitaine;Neapolitanischer;;Napolitano;;;;;;;;;x
c_taranto_adj;Tarantian;Tarentine;Tarentischer;;Tarentino;;;;;;;;;x
c_consenza_adj;Catanzaron;Consentine;Catanzaron;;Catanzaresina;;;;;;;;;x
c_reggio_adj;Reggioian;Rhégienne;Reggio-;;Reggiano;;;;;;;;;x
c_messina_adj;Messinian;Messinienne;Messinischer;;Mesinés;;;;;;;;;x
c_palermo_adj;Palermian;Palermienne;Palermischer;;Palermitano;;;;;;;;;x
c_siracusa_adj;Siracusian;Syracusienne;Syrakusischer;;Siracusano;;;;;;;;;x
#c_agrigento_adj;Agrigentian;Agrigentine;Agrigentischer;;Agrigentino;;;;;;;;;x
c_trapani_adj;Trapanian;Trapanienne;Trapanischer;;Trapanés;;;;;;;;;x
c_malta_adj;Maltese;Maltaise;Malteser;;Maltés;;;;;;;;;x
c_nice_adj;Niçois;Niçoise;Nizza-;;Nizardo;;;;;;;;;x
c_provence_adj;Provencal;Provençale;Provenzalischer;;Provenzal;;;;;;;;;x
c_forcalquier_adj;Forcalquierian;Forcalquierienne;Forcalquierischer;;Forcalquierés;;;;;;;;;x
c_venaissin_adj;Venaissinian;Venaissinoise;Venaissinischer;;Venaissinés;;;;;;;;;x
c_saluzzo_adj;Saluzzian;Saluzzesi;Saluzzischer;;Saluzzés;;;;;;;;;x
c_piemonte_adj;Piemontian;Piedmontaise;Piemonter;;Piamontés;;;;;;;;;x
c_savoie_adj;Savoian;Savoyarde;Savoyer;;Saboyano;;;;;;;;;x
c_valais_adj;Valaisian;Valaisane;Valaiser;;Valaisiano;;;;;;;;;x
c_geneve_adj;Genevan;Génevoise;Genfer;;Ginebrino;;;;;;;;;x
c_lyon_adj;Lyonnais;Lyonnaise;Lyoner;;Lionés;;;;;;;;;x
c_forez_adj;Forezian;Forézienne;Forezer;;Foreziano;;;;;;;;;x
c_chalons_adj;Chalonnianj;Châlonnaise;Chalonischer;;Chaloniés;;;;;;;;;x
c_neuchatel_adj;Neuchatelian;Neuchâteloise;Neuchateler;;Neuchatelense;;;;;;;;;x
c_bern_adj;Bernian;Bernoise;Berner;;Bernés;;;;;;;;;x
c_schwyz_adj;Schwyzian;Schwytzoise;Schwyzer;;Schwyzerín;;;;;;;;;x
c_aargau_adj;Aargaunian;Argovienne;Aargauer;;Argoviano;;;;;;;;;x
c_besancon_adj;Besanconian;Bisontine;Besanconer;;Besanzonés;;;;;;;;;x
c_montpellier_adj;Montpellierian;Montpellierainne;Montpellier-;;Montpellerino;;;;;;;;;x
c_viviers_adj;Vivieran;Vivaroise;Viviers-;;Vivierense;;;;;;;;;x
c_narbonne_adj;Narbonnian;Narbonnaise;Narbonner;;Narbonense;;;;;;;;;x
#c_carcassonne_adj;Carcassonnianj;Carcassonnaise;Carcassonner;;Carcasonense;;;;;;;;;x
c_toulouse_adj;Toulousian;Toulousaine;Toulouser;;Tolosano;;;;;;;;;x
c_rouergue_adj;Rouerguian;Rouergate;Rouergue-;;Roergás;;;;;;;;;x
c_foix_adj;Foixian;Fuxéenne;Foixer;;Foxano;;;;;;;;;x
c_bearn_adj;Bearnian;Bearnaise;Bearnian;;Bearnés;;;;;;;;;x
c_armagnac_adj;Armagnacs;Armagnacoise;Armagnacer;;Armagnés;;;;;;;;;x
c_armagnac_adj;Armagnacs;Armagnacoise;Armagnacer;;Armagnés;;;;;;;;;x
c_labourd_adj;Labourdian;Labourdienne;Labourdischer;;Laburdí;;;;;;;;;x
c_albret_adj;Albretian;Albretoise;Albreter;;Albretanés;;;;;;;;;x
c_bordeaux_adj;Bordelais;Bordelaise;Bordelaiser;;Bordelés;;;;;;;;;x
c_agen_adj;Agenian;Agenaise;Agener;;Ageniés;;;;;;;;;x
c_perigord_adj;Perigordian;Périgourdine;Perigorder;;Perigourdinés;;;;;;;;;x
c_angouleme_adj;Angoulemian;Angoumoisine;Angouleme-;;Angulemanés;;;;;;;;;x
c_auvergne_adj;Auvergnian;Auvergnate;Auvergner;;Auvernés;;;;;;;;;x
c_gevaudan_adj;Gevaudanian;Gévaudannaise;Gevaudaner;;Gevaudanés;;;;;;;;;x
c_macon_adj;Maconian;Mâconnaise;Mâconer;;Maconés;;;;;;;;;x
c_dijon_adj;Dijonian;Dijonnaise;Dijoner;;Dijonés;;;;;;;;;x
c_nevers_adj;Neverian;Nivernaise;Nevers-;;Neverés;;;;;;;;;x
c_charolais_adj;Charolaian;Charolaise;Charolaiser;;Charolaianés;;;;;;;;;x
c_limousin_adj;Limousinian;Limousine;Limousiner;;Limousinés;;;;;;;;;x
c_la_marche_adj;La Marchian;Marchoise;La Marche-;;Lamarchés;;;;;;;;;x
c_lusignan_adj;Lusignian;Mélusine;Lusigner;;Lusiñanés;;;;;;;;;x
c_saintonge_adj;Saintongian;Saintongeaise;Saintonger;;Saintongiense;;;;;;;;;x
c_poitiers_adj;Poitierian;Poitevine;Poitiers-;;Poitevino;;;;;;;;;x
c_thouars_adj;Thouarian;Thouarsaise;Thouars-;;Thouarianés;;;;;;;;;x
c_tourraine_adj;Tourrainian;Tourangeau;Tourrainer;;Tourrainés;;;;;;;;;x
c_bourges_adj;Bourgesian;Berruyère;Bourgeser;;Bourgesiano;;;;;;;;;x
c_nantes_adj;Nantesian;Nantaise;Nanteser;;Nantés;;;;;;;;;x
c_vannes_adj;Vannesian;Vannetaise;Vanneser;;Vannés;;;;;;;;;x
c_cornouaille_adj;Cornouaillian;Cornouaillaise;Cornouailler;;Cornouaillés;;;;;;;;;x
c_french_leon_adj;Leonian;Saint-Politaine;Leoner;;Leonés;;;;;;;;;x
c_penthievre_adj;Penthièvrian;Penthièvroise;Penthièvrer;;Penthieverés;;;;;;;;;x
c_rennes_adj;Rennesian;Rennaise;Renneser;;Renés;;;;;;;;;x
c_anjou_adj;Angevin;Angevine;Angevin;;Angevino;;;;;;;;;x
c_vendome_adj;Vendomian;Vendômoise;Vendômer;;Vendomés;;;;;;;;;x
c_maine_adj;Mainian;Mainoise;Mainer;;Mainés;;;;;;;;;x
c_evreux_adj;Evreuxian;Ébroïcienne;Evreuxer;;Ebroiciense;;;;;;;;;x
c_avranches_adj;Avranchesian;Avranchinaise;Avrancher;;Avranchés;;;;;;;;;x
c_vexin_adj;Vexinian;Vexinoise;Vexiner;;Viciense;;;;;;;;;x
c_arques_adj;Arquesian;Arquaise;Arqueser;;Arquesiano;;;;;;;;;x
c_eu_adj;Euian;Eudoise;Euer;;Euiense;;;;;;;;;x
c_blois_adj;Bloisian;Blésoise;Bloiser;;Blésois;;;;;;;;;x
c_orleans_adj;Orleanian;Orléanaise;Orleaner;;Orleanés;;;;;;;;;x
c_chartres_adj;Chartresian;Chartraine;Chartres-;;Chartrainés;;;;;;;;;x
c_sens_adj;Sensian;Sénonaise;Senser;;Senonés;;;;;;;;;x
c_auxerre_adj;Auxerrian;Auxerroise;Auxerrer;;Auxerroisense;;;;;;;;;x
c_troyes_adj;Troyesian;Troyenne;Troyes-;;Troyense;;;;;;;;;x
c_reims_adj;Reimsian;Rémoise;Reimser;;Remense;;;;;;;;;x
c_ile_de_france_adj;Ile de Francian;Francilienne;Ile de France-;;De Isla de Francia;;;;;;;;;x
c_vermandois_adj;Vermandoisian;Vermandoise;Vermandoiser;;Vermandés;;;;;;;;;x
c_amiens_adj;Amienian;Amiénoise;Amienser;;Amienés;;;;;;;;;x
c_boulogne_adj;Boulognian;Boulonnaise;Boulogner;;Boloñés;;;;;;;;;x
c_guines_adj;Guinesian;Guînoise;Guineser;;Guinense;;;;;;;;;x
c_yperen_adj;Yperenian;Yproise;Ypern-;;Ypereniano;;;;;;;;;x
c_brugge_adj;Bruggian;Brugeoise;Brügger;;Brugense;;;;;;;;;x
c_gent_adj;Gentian;Gantoise;Genter;;Gantés;;;;;;;;;x
c_navarra_adj;Navarran;Navarraise;Navarrer;;Navarro;;;;;;;;;x
c_najera_adj;Nájeran;Nájeranne;Nájera-;;Najerano;;;;;;;;;x
c_albarracin_adj;Albarracinian;Albarracinoise;Albarraciner;;Albarracinenses;;;;;;;;;x
c_alto_aragon_adj;Alto Aragónian;Haut-Aragonaise;Alto Aragóner;;Bajoaragonés;;;;;;;;;x
c_zaragoza_adj;Zaragozan;Saragossienne;Saragossa-;;Zaragozano;;;;;;;;;x
c_calatayud_adj;Calatayudian;Calatayudienne;Calatayuder;;Bilbilitano;;;;;;;;;x
c_barcelona_adj;Barcelonian;Barcelonaise;Barceloner;;Barcelonés;;;;;;;;;x
c_urgell_adj;Urgellian;Urgelloise;Urgeller;;Urgellés;;;;;;;;;x
c_rosello_adj;Rosellian;Roselliane;Rosello-;;Rosellonés;;;;;;;;;x
c_empuries_adj;Empuriesian;Empuriesiane;Empurieser;;Ampuriense;;;;;;;;;x
c_lleida_adj;Lleidan;Léridanaise;Lleida-;;Leridano;;;;;;;;;x
c_tarragona_adj;Tarragonan;Tarragonaise;Tarragoner;;Tarraconense;;;;;;;;;x
c_castellon_adj;Castellonian;Castellonaise;Castellóner;;Castellonense;;;;;;;;;x
c_valencia_adj;Valèncian;Valencienne;Valencier;;Valenciano;;;;;;;;;x
c_denia_adj;Dénian;Deniane;Denia-;;Dianense;;;;;;;;;x
c_mallorca_adj;Mallorcan;Majorquine;Mallorquiner;;Mallorquín;;;;;;;;;x
c_menorca_adj;Menorcan;Minorquine;Menorquiner;;Menorquín;;;;;;;;;x
c_viscaya_adj;Viscayan;Biscayenne;Viscayer;;Vizcaíno;;;;;;;;;x
c_burgos_adj;Burgosian;Burgalaise;Burgos-;;Burgalés;;;;;;;;;x
c_valladolid_adj;Valladolidan;Vallisolétane;Valladolider;;Vallisoletano;;;;;;;;;x
c_soria_adj;Sorian;Sorianaise;Sorier;;Soriano;;;;;;;;;x
c_toledo_adj;Toledan;Tolédane;Toledaner;;Toledano;;;;;;;;;x
c_molina_adj;Molinan;Molinaise;Molina-;;Molinés;;;;;;;;;x
c_cuenca_adj;Cuencan;Cuencane;Cuenca-;;Conquense;;;;;;;;;x
c_cordoba_adj;Cordoban;Cordouanne;Cordoba-;;Cordobés;;;;;;;;;x
c_la_mancha_adj;La Manchan;Manchoise;La Mancha-;;Manchego;;;;;;;;;x
c_calatrava_adj;Calatravan;Calatravane;Calatravaner;;Churriago;;;;;;;;;x
c_almansa_adj;Almansan;Almansane;Almansaner;;Almanseño;;;;;;;;;x
c_murcia_adj;Murcian;Murcienne;Murcianer;;Murciano;;;;;;;;;x
c_granada_adj;Granadan;Grenadine;Granada-;;Granadino;;;;;;;;;x
c_almeria_adj;Almerian;Almérienne;Almerianer;;Almeriense;;;;;;;;;x
c_malaga_adj;Málagan;Malaguène;Málaga-;;Malagueño;;;;;;;;;x
c_sevilla_adj;Sevillan;Sévillane;Sevillaner;;Sevillano;;;;;;;;;x
c_cadiz_adj;Cadizian;Gaditane;Cadizer;;Gaditano;;;;;;;;;x
c_algeciras_adj;Algeciran;Algésirane;Algecirer;;Algecirense;;;;;;;;;x
c_aracena_adj;Aracenan;Aracenane;Aracener;;Aracenense;;;;;;;;;x
c_niebla_adj;Nieblan;Nieblane;Niebla-;;Iliplense;;;;;;;;;x
c_asturias_de_oviedo_adj;Oviedonian;Oviédane;Oviedo-;;Ovetense;;;;;;;;;x
c_asturias_de_santillana_adj;Asturias de Santillanian;Asturienne;Asturias de Santillana-;;De Asturias de Santillana;;;;;;;;;x
c_coruna_adj;Coruñan;Corognaise;Coruñer;;Coruñés;;;;;;;;;x
c_santiago_adj;Santiagonian;Compostellane;Santiago-;;Santiagués;;;;;;;;;x
c_astorga_adj;Astorgan;Astorgane;Astorgan;;Astorgano;;;;;;;;;x
c_leon_adj;Léonian;Léonaise;Léoner;;Leonés;;;;;;;;;x
c_zamora_adj;Zamoran;Zamorane;Zamoraner;;Zamorano;;;;;;;;;x
c_salamanca_adj;Salamancan;Salmantine;Salamanca-;;Salmantino;;;;;;;;;x
c_plasencia_adj;Plasencian;Plasenciane;Plasencia-;;Placentino;;;;;;;;;x
c_alcantara_adj;Alcantaran;Alcantarane;Alcantarer;;Alcantareño;;;;;;;;;x
c_caceres_adj;Caceresian;Caceresiane;Cacereser;;Cacereño;;;;;;;;;x
c_badajoz_adj;Badajozian;Badajoziane;Badajozer;;Badajocense;;;;;;;;;x
c_porto_adj;Portan;Portuane;Porto-;;Portuense;;;;;;;;;x
c_braganza_adj;Bragançan;Bragançane;Bragançer;;Brigantino;;;;;;;;;x
c_castelo_branco_adj;Castelo Branconian;Castelo Branconiane;Castelo Branco-;;Branconiano;;;;;;;;;x
c_coimbra_adj;Coimbran;Coïmbrane;Coimbranischer;;Conimbricense;;;;;;;;;x
c_lisboa_adj;Lisboan;Lisbonnine;Lissabonner;;Lisboeta;;;;;;;;;x
c_evora_adj;Évoran;Évorane;Évoranischer;;Eborense;;;;;;;;;x
c_alcacer_do_sal_adj;Alcácer do Salian;Alcácer do Saliane;Alcácer do Sal-;;Alcacerino;;;;;;;;;x
c_mertola_adj;Mértolan;Mértolane;Mértolanischerer;;Mertolense;;;;;;;;;x
c_silves_adj;Silvesian;Silvesiane;Silveser;;Silvense;;;;;;;;;x
c_faro_adj;Faronian;Faroniane;Faroer;;Farense;;;;;;;;;x
c_canarias_adj;Canarian;Canarienne;Kanarischer;;Canario;;;;;;;;;x
c_marrakech_adj;Marrakechi;Marrakchi;Marrakesch-;;Marrakechí;;;;;;;;;x
#c_tharasset_adj;Tharassetian;Tharassetienne;Tharasseter;;Tharassetano;;;;;;;;;x
#c_ifni_adj;Ifnian;Ifnienne;Ifnischer;;Ifneño;;;;;;;;;x
c_anti-atlas_adj;Anti-Atlasian;Anti-Atlassienne;Antiatlas-;;Del Anti-Atlas;;;;;;;;;x
c_massat_adj;Massatian;Massatienne;Massater;;Massatí;;;;;;;;;x
c_tangiers_adj;Tangieran;Tangéroise;Tanger-;;Tungitana;;;;;;;;;x
c_infa_adj;Infan;Infane;Infa-;;Infanés;;;;;;;;;x
c_cebta_adj;Cebtan;Ceutienne;Cebtanischer;;Cebtano;;;;;;;;;x
c_fes_adj;Fesian;Fassi;Fes-;;Fasí;;;;;;;;;x
c_el_rif_adj;El Rifian;El Rifiane;El Rif-;;Rifeño;;;;;;;;;x
c_figuig_adj;Figuigian;Figuigienne;Figuiger;;Figuigiano;;;;;;;;;x
c_snassen_adj;Snassenian;Snasseniane;Snassener;;Snasseniano;;;;;;;;;x
c_tlemcen_adj;Tlemcenian;Tlemcenoise;Tlemcener;;Tlemsení;;;;;;;;;x
c_orania_adj;Oranian;Oranaise;Oranischer;;Oranés;;;;;;;;;x
c_hanyan_adj;Hanyanian;Hanyaniane;Hanyanischer;;Hanyaniano;;;;;;;;;x
c_atlas_mnt_adj;Atlas Mountainian;Mont Atlassienne;Atlasgebirge-;;Del Atlas;;;;;;;;;x
c_lemdiyya_adj;Lemdiyyan;Lemdiyyane;Lemdiyyanischer;;Lemdiyyano;;;;;;;;;x
c_al_djazair_adj;Al Djazairian;Al Djazairienne;Al Dschasaischer;;Aldjazairiano;;;;;;;;;x
c_beni_yanni_adj;Beni Yannian;Beni Yannienne;Beni Yannier;;Yanniano;;;;;;;;;x
c_tell_atlas_adj;Tell Atlasian;Tellien Atlassienne;Tellatlas-;;Tellatlasiano;;;;;;;;;x
c_mzab_adj;Mzabian;Mzabienne;Mzabischer;;Mozabí;;;;;;;;;x
c_ouled_nail_adj;Ouled Nailian;Ouled Nailiane;Ouled Nailischer;;Oulednailiano;;;;;;;;;x
c_biskra_adj;Biskran;Biskrane;Biskra-;;Biskrano;;;;;;;;;x
c_bejaija_adj;Bejaijan;Bejaijane;Bejaija-;;Bejaijano;;;;;;;;;x
c_annaba_adj;Annaban;Annabane;Annabah-;;Annabaniense;;;;;;;;;x
c_tunis_adj;Tunisian;Tunisienne;Tunesischer;;Tunecino;;;;;;;;;x
c_medjerda_adj;Medjerdan;Medjerdane;Medjerdaner;;Medjerdano;;;;;;;;;x
c_bizerte_adj;Bizertenian;Bizertine;Bizertischer;;Bizerto;;;;;;;;;x
c_kairwan_adj;Kairwanian;Kairouanaise;Kairwanischer;;Kairuaniano;;;;;;;;;x
c_mahdia_adj;Mahdian;Mahdoise;Mahdischer;;Mahdianés;;;;;;;;;x
c_gabes_adj;Gabesian;Gabésienne;Gabes-;;Gabesiano;;;;;;;;;x
c_tripolitana_adj;Tripolitanian;Tripolitaine;Tripolitanischer;;Tripolitana;;;;;;;;;x
c_djerba_adj;Djerban;Djerbienne;Djerba-;;Djerbano;;;;;;;;;x
c_leptis_magna_adj;Leptis Magnan;Fezzanne;Leptis Magna-;;Leptistar;;;;;;;;;x
c_syrte_adj;Syrtenian;Syrtoise;Syrtischer;;Sirteniano;;;;;;;;;x
c_cyrenaica_adj;Cyrenaican;Cyrénaïcaine;Kyrenäischer;;Cirinea;;;;;;;;;x
c_senoussi_adj;Senoussian;Senoussiane;Senussischer;;Senoussiano;;;;;;;;;x
c_benghazi_adj;Benghazian;Benghaziane;Bengasischer;;Bengasí;;;;;;;;;x
c_tobruk_adj;Tobrukian;Tobroukienne;Tobruker;;Tobruquiano;;;;;;;;;x
c_alexandria_adj;Alexandrian;Alexandrine;Alexandrischer;;Alejandrina;;;;;;;;;x
c_al_alamayn_adj;Al Alamaynian;Al Alameiniane;El-Alameiner;;Alamayniano;;;;;;;;;x
c_quattara_adj;Quattaran;Quattarane;Quattarischer;;Quattaraense;;;;;;;;;x
c_buhairya_adj;Buhairyan;Buhairyane;Buhairya-;;Buhairano;;;;;;;;;x
c_gizeh_adj;Gizehian;Gizehienne;Gizeh-;;Guizano;;;;;;;;;x
c_gabiyaha_adj;Gabiyahan;Gabiyahane;Gabijah-;;Gabiyahano;;;;;;;;;x
c_delta_adj;Deltan;Deltane;Delta-;;Deltano;;;;;;;;;x
c_pelusia_adj;Pelusian;Pélusiane;Pelusischer;;Pelusianés;;;;;;;;;x
c_manupura_adj;Manupuran;Manupurane;Manupura-;;Manupurano;;;;;;;;;x
c_cairo_adj;Cairene;Cairote;Kairoer;;Cairota;;;;;;;;;x
c_sarqihya_adj;Sarqihyan;Sarqihyane;Sarqihyer;;Sarqihyano;;;;;;;;;x
c_quena_adj;Quenan;Qenane;Quenaer;;Quenanense;;;;;;;;;x
c_asyut_adj;Asyutian;Assioutane;Asyutischer;;Asiutí;;;;;;;;;x
c_aswan_adj;Aswanian;Assouanaise;Assuanischer;;Asuanés;;;;;;;;;x
c_makuria_adj;Makurian;Makurienne;Makurier;;Macurio;;;;;;;;;x
c_nubia_adj;Nubian;Nubienne;Nubischer;;Nubio;;;;;;;;;x
c_farama_adj;Faraman;Faramane;Faraman;;Faramano;;;;;;;;;x
c_sinai_adj;Sinaian;Sinaïte;Sinai-;;Sinaíta;;;;;;;;;x
c_eilat_adj;Eilatian;Eilatiane;Eilater;;Eilatiano;;;;;;;;;x
c_el-arish_adj;El-Arishian;El Arishiane;El-Arish-;;El-Arishiano;;;;;;;;;x
c_al_aqabah_adj;Al Aqabahian;Al Aqabahiane;Al Aqabaher;;Al Aqabahiano;;;;;;;;;x
c_maan_adj;Ma'anian;Ma'aniane;Ma'anischer;;Manés;;;;;;;;;x
c_tabuk_adj;Tabukian;Tabukiane;Tabuker;;Tabukí;;;;;;;;;x
c_petra_adj;Petran;Pétrane;Peträischer;;Petrano;;;;;;;;;x
c_al_jawf_adj;Al Jawfian;Al Jawfiane;Al Jawfer;;Al Jawfiano;;;;;;;;;x
c_hijaz_adj;Hijazian;Hijazienne;Hijazer;;Hijaziano;;;;;;;;;x
c_medina_adj;Medinan;Médinoise;Medinischer;;Medinense;;;;;;;;;x
c_mecca_adj;Meccan;Mecquoise;Mekka-;;Mequí;;;;;;;;;x
c_asir_adj;Asirian;Asiriane;Asirischer;;Asirianense;;;;;;;;;x
c_rafha_adj;Rafhan;Rafhane;Rafha-;;Rafhaní;;;;;;;;;x
c_hail_adj;Hailian;Haïliane;Ha'ilischer;;Hailianés;;;;;;;;;x
c_hajr_adj;Hajrian;Hajriane;Hajr-;;Hajrianés;;;;;;;;;x
c_halaban_adj;Halabanian;Halabaniane;Halabanischer;;Halabanio;;;;;;;;;x
c_bayda_adj;Baydanian;Baydaniane;Bayda-;;Baynaniano;;;;;;;;;x
c_sanaa_adj;Sanaan;Sananéenne;Sanaaer;;Sanaanio;;;;;;;;;x
c_taizz_adj;Taizzian;Taizienne;Taizzer;;Taizzianio;;;;;;;;;x
c_aden_adj;Adenian;Adénienne;Adener;;Adenianio;;;;;;;;;x
c_kathiri_adj;Kathirian;Kathiri;Kathirischer;;Kathiriano;;;;;;;;;x
c_dhu_zabi_adj;Dhu Zabian;Dhu Zabienne;Dhu Zabi-;;Zabiano;;;;;;;;;x
c_hajar_adj;Hajarian;Hajariane;Hajarischer;;Hajariano;;;;;;;;;x
c_muscat_adj;Muscatian;Muscatiane;Maskatischer;;Muscatiano;;;;;;;;;x
c_duqm_adj;Duqmian;Duqmiane;Duqmischer;;Duqmianés;;;;;;;;;x
c_dhofar_adj;Dhofarian;Dhofariane;Dhofarischer;;Dhofariano;;;;;;;;;x
c_mahra_adj;Mahran;Mahrane;Mahra-;;Mahraniense;;;;;;;;;x
c_busaso_adj;Busasonian;Busasoniane;Busasonischer;;Busasiano;;;;;;;;;x
c_berbera_adj;Berberan;Berbère;Berber-;;Berberano;;;;;;;;;x
c_harer_adj;Harerian;Hareriane;Harerischer;;Hareriano;;;;;;;;;x
c_tadjoura_adj;Tadjouran;Tadjourane;Tadjoura-;;Tadjourano;;;;;;;;;x
c_aksum_adj;Axumite;Axumite;Axumer;;Aksumitano;;;;;;;;;x
c_akordat_adj;Akordatian;Akordatiane;Akordatischer;;Akordatiano;;;;;;;;;x
c_kassala_adj;Kassalan;Kassalane;Kassala-;;Kassalano;;;;;;;;;x
c_hayya_adj;Hayyan;Hayyane;Hayyanischer;;Hayyano;;;;;;;;;x
c_atbara_adj;Atbaran;Atbarane;Atbara-;;Atbarano;;;;;;;;;x
c_sennar_adj;Sennarian;Sennariane;Sennarischer;;Sennariano;;;;;;;;;x
c_asosa_adj;Asosan;Asosane;Asosan;;Asosiano;;;;;;;;;x
c_ankober_adj;Ankoberian;Ankoberiane;Ankober-;;Ankoberiano;;;;;;;;;x
c_gondar_adj;Gondarian;Gondariane;Gondar-;;Gondariano;;;;;;;;;x
c_antalo_adj;Antalonian;Antaloniene;Antalonischer;;Anatolio;;;;;;;;;x
c_matamma_adj;Matamman;Matammane;Matamma-;;Matammano;;;;;;;;;x
c_negev_adj;Negevian;Negeviane;Negever;;Negeviano;;;;;;;;;x
c_monreal_adj;Monrealian;Monrealiane;Monrealer;;Monrealés;;;;;;;;;x
c_kerak_adj;Kerakian;Kerakiane;Kerakischer;;keraquiano;;;;;;;;;x
c_darum_adj;Darumian;Darumiane;Darumer;;Darumiano;;;;;;;;;x
c_jaffa_adj;Jaffan;Jaffane;Jaffa-;;Jaffano;;;;;;;;;x
c_ascalon_adj;Ascalonian;Ascaloniane;Askaloner;;Ascaloniano;;;;;;;;;x
c_beersheb_adj;Beershebian;Beershebiane;Be'er Scheva-;;Beershebiano;;;;;;;;;x
c_jerusalem_adj;Jerusalemite;Hiérosolymitaine;Jerusalemer;;Jerosolimitano;;;;;;;;;x
c_acre_adj;Acrenian;Acreniane;Akkonischer;;Acrense;;;;;;;;;x
c_hebron_adj;Hebronian;Hébroniane;Hebron-;;Hebroniano;;;;;;;;;x
c_tiberias_adj;Tiberian;Tibérienne;Tiberier;;Tiberiano;;;;;;;;;x
c_tyrus_adj;Tyrusian;Tyrusiane;Tyruser;;Tyrusiano;;;;;;;;;x
c_beirut_adj;Beirutian;Beyrouthine;Beiruter;;Beirutí;;;;;;;;;x
c_safed_adj;Safedian;Safediane;Safedischer;;Safediano;;;;;;;;;x
c_asas_adj;Asasian;Asasiane;Asasischer;;Asasiano;;;;;;;;;x
c_palmyra_adj;Palmyran;Palmyrane;Palmyrischer;;Palmirano;;;;;;;;;x
c_aleppo_adj;Alepponian;Aleppine;Aleppischer;;Alepponiano;;;;;;;;;x
c_homs_adj;Homsian;Homsienne;Homs-;;Homsiano;;;;;;;;;x
c_hama_adj;Haman;Hamane;Hama-;;Hamaiano;;;;;;;;;x
c_antiocheia_adj;Antiochian;Antiochienne;Antiocher;;Antiocheiano;;;;;;;;;x
c_archa_adj;Archan;Archane;Archa-;;Archano;;;;;;;;;x
c_alexandretta_adj;Alexandrettan;Alexandrettane;Alexandretter;;Alexandretano;;;;;;;;;x
c_tortosa_adj;Tortosan;Tortosane;Tortosischer;;Tortosino;;;;;;;;;x
c_tripoli_adj;Tripolitanian;Tripolitaine;Tripolitanischer;;Tripolitano;;;;;;;;;x
c_baalbek_adj;Baalbekian;Ba’albekiane;Baalbeker;;Baalbequiano;;;;;;;;;x
c_damascus_adj;Damascan;Damascène;Damaskischer;;Damasquino;;;;;;;;;x
c_irbid_adj;Irbidian;Irbidiane;Irbidischer;;Irbidiano;;;;;;;;;x
c_amman_adj;Ammanian;Ammanienne;Ammaner;;Ammaniano;;;;;;;;;x
c_al_mafraq_adj;Al Mafraqian;Al Mafraqiane;Al Mafraq-;;Al Mafraqianiano;;;;;;;;;x
#c_syria_adj;Syrian;Syrienne;Syrischer;;Sirio;;;;;;;;;x
c_druz_adj;Druzian;Druzienne;Drusischer;;Druziano;;;;;;;;;x
c_suwaida_adj;Suwaidan;Suwaidane;Suwaidischer;;Suwaidiano;;;;;;;;;x
#c_tadmor_adj;Tadmorian;Tadmoriane;Tadmorischer;;Tadmoriano;;;;;;;;;x
c_northumberland_adj;Northumbrian;Northumbrienne;Northumberlandischer;;Northumberlandés;;;;;;;;;x
c_durham_adj;Durhamian;Durhamienne;Durhamischer;;Durhamiano;;;;;;;;;x
c_lancaster_adj;Lancastrian;Lancastrienne;Lancaster-;;Lancasteriano;;;;;;;;;x
c_westmorland_adj;Westmorlander;Westmorlandaise;Westmorlander;;Westmorlandés;;;;;;;;;x
c_chester_adj;Chesterian;Chesterienne;Chester-;;Chestiano;;;;;;;;;x
c_derby_adj;Derbyan;Derbyienne;Derby-;;Derbiano;;;;;;;;;x
c_york_adj;Yorkist;Yorkaise;Yorker;;Yorquinos;;;;;;;;;x
c_leicester_adj;Leicesterian;Leicesteroise;Leicester-;;Leicesteriano;;;;;;;;;x
c_lincoln_adj;Lincolnian;Lincolnienne;Lincolner;;Lincolniano;;;;;;;;;x
c_norfolk_adj;Norfolkian;Norfolkienne;Norfolker;;Norfolkano;;;;;;;;;x
c_suffolk_adj;Suffolkian;Suffolkienne;Suffolker;;Suffolkeño;;;;;;;;;x
c_northampton_adj;Northamptonian;Northamptonienne;Northamptoner;;Northamptoniano;;;;;;;;;x
c_oxford_adj;Oxfordian;Oxfordienne;Oxforder;;Oxfordeño;;;;;;;;;x
c_essex_adj;Essexian;Essexoise;Essexer;;Essexianés;;;;;;;;;x
c_bedford_adj;Bedforder;Bedfordoise;Bedforder;;Bedfordeño;;;;;;;;;x
c_hereford_adj;Herefordian;Herefordienne;Hereforder;;Herefordiano;;;;;;;;;x
c_shrewsbury_adj;Shrewsburyan;Shrewsburyane;Shrewsburyer;;Shrewsburiano;;;;;;;;;x
c_warwick_adj;Warwickian;Warwickienne;Warwicker;;Warwickano;;;;;;;;;x
c_gloucester_adj;Gloucesterian;Gloucesterienne;Gloucesterer;;Gloucesteriano;;;;;;;;;x
c_middlesex_adj;Middlesexian;Middlesexienne;Middlesexer;;Middlesexiense;;;;;;;;;x
c_wiltshire_adj;Wiltshirian;Wiltshirienne;Wiltshirer;;Wiltshirano;;;;;;;;;x
c_surrey_adj;Surreyan;Surreyane;Surreyer;;Surreyano;;;;;;;;;x
c_kent_adj;Kentian;Kentiane;Kenter;;Kentiano;;;;;;;;;x
c_sussex_adj;Sussexian;Sussexiane;Sussexer;;Suxxexianés;;;;;;;;;x
c_winchester_adj;Winchesterian;Winchesterienne;Winchester-;;Winchesterano;;;;;;;;;x
c_dorset_adj;Dorsetian;Dorsetiane;Dorseter;;Dorsetano;;;;;;;;;x
c_somerset_adj;Somersetian;Somersetiane;Somerset-;;Somersetano;;;;;;;;;x
c_cornwall_adj;Cornish;Cornouaillaise;Kornischer;;Cornuallés;;;;;;;;;x
c_worcester_adj;Worcesterian;Worcesterienne;Worcester-;;Worcesteriano;;;;;;;;;x
c_devon_adj;Devonian;Devoniane;Devoner;;Devoniano;;;;;;;;;x
c_gwynedd_adj;Gwyneddian;Gwyneddienne;Gwynedder;;Gwyneddiano;;;;;;;;;x
c_perfeddwlad_adj;Perfeddwladian;Perfeddwladienne;Perfeddwlader;;Perfeddwladiano;;;;;;;;;x
c_powys_adj;Powysian;Powysienne;Powyser;;Powysiano;;;;;;;;;x
c_dyfed_adj;Dyfedian;Dyfedienne;Dyfeder;;Dynediano;;;;;;;;;x
c_glamorgan_adj;Glamorganian;Glamorganienne;Glamorganer;;Glamorgano;;;;;;;;;x
c_gwent_adj;Gwentian;Gwentiane;Gwenter;;Gwentiano;;;;;;;;;x
c_galloway_adj;Gallowayan;Gallowayane;Gallowayer;;Gallowayana;;;;;;;;;x
c_cumberland_adj;Cumberlander;Cumberlandaise;Cumberlander;;Cumberlandiano;;;;;;;;;x
c_carrick_adj;Carrickian;Carrickienne;Carricker;;Carrickiano;;;;;;;;;x
c_dunbar_adj;Dunbarian;Dunbarienne;Dunbarer;;Dunbariano;;;;;;;;;x
c_lothian_adj;Lothian;Lothienne;Lothianer;;Lothiano;;;;;;;;;x
c_clydesdale_adj;Clydesdalish;Clydesdalienne;Clydesdaler;;Clydesdaliano;;;;;;;;;x
c_argyll_adj;Argyllian;Argyllienne;Argyller;;Argylliano;;;;;;;;;x
c_strathearn_adj;Strathearnian;Strathearnienne;Strathearner;;Stratherarniano;;;;;;;;;x
c_fife_adj;Fifenian;Fifenienne;Fife-;;Fifeno;;;;;;;;;x
c_atholl_adj;Athollian;Athollienne;Atholler;;Athollano;;;;;;;;;x
c_gowrie_adj;Gowrian;Gowrienne;Gowrier;;Gowriano;;;;;;;;;x
c_buchan_adj;Buchanian;Buchanienne;Buchaner;;Buchano;;;;;;;;;x
c_teviotdale_adj;Teviotdalian;Teviotdalianne;Teviotdaler;;Teviotdalano;;;;;;;;;x
c_caithness_adj;Caithnessian;Caithnessienne;Caithnesser;;Caithnessiano;;;;;;;;;x
c_ross_adj;Rossian;Rossienne;Rossian;;Rossense;;;;;;;;;x
c_innse_gall_adj;Innse Gallian;Innse Galliane;Innse Gall-;;Innse Galliano;;;;;;;;;x
c_isle_of_man_adj;Isle of Manian;Mannoise;Manx;;Manés;;;;;;;;;x
c_tyrone_adj;Tir Eoghainian;Tir Eoghainiane;Tir Eoghainier;;Tyronense;;;;;;;;;x
c_tyrconnell_adj;Tyrconnellian;Tyrconnelliane;Tyrconneller;;Tyrconnellano;;;;;;;;;x
c_ulster_adj;Ulsterian;Ulsterienne;Ulsterer;;Ulsterano;;;;;;;;;x
c_oriel_adj;Orielian;Orieliane;Orieler;;Orielano;;;;;;;;;x
c_breifne_adj;Breifnian;Breifniane;Breifner;;Breifniano;;;;;;;;;x
c_connacht_adj;Connachtian;Connachtiane;Connachter;;Connachtiano;;;;;;;;;x
c_kildare_adj;Kildarian;Kildariane;Kildarer;;Kildarian;;;;;;;;;x
c_dublin_adj;Dubr;Dublinoise;Dubr;;Dublinés;;;;;;;;;x
c_ossory_adj;Ossoryan;Ossoryane;Ossoryer;;Ossoriano;;;;;;;;;x
c_leinster_adj;Leinsterian;Leinsterienne;Leinsterer;;Leinsteriano;;;;;;;;;x
c_thomond_adj;Thomondian;Thomondiane;Thomonder;;Thomondano;;;;;;;;;x
c_ormond_adj;Ormondian;Ormondiane;Ormonder;;Ormodianense;;;;;;;;;x
c_desmond_adj;Desmondian;Desmondiane;Desmonder;;Desmodianense;;;;;;;;;x
c_vestisland_adj;West Icelandic;Ouest-Islandaise;Westisländischer;;Islandés del Oeste;;;;;;;;;x
c_austisland_adj;East Icelandic;Est-Islandaise;Ostisländischer;;Islandés del Este;;;;;;;;;x
c_faereyar_adj;Fairy;Fairiane;Fairyer;;Fairiense;;;;;;;;;x
c_shetland_adj;Shetlander;Shetlandaise;Shetlander;;Shetlander;;;;;;;;;x
c_orkney_adj;Orcadians;Orcadiene;Orkney-;;Orkneyense;;;;;;;;;x
c_agder_adj;Agderian;Agderiane;Agderer;;Agderiense;;;;;;;;;x
c_rogaland_adj;Rogalander;Rogalandaise;Rogalander;;Rogalanderense;;;;;;;;;x
c_telemark_adj;Telemarkian;Telemarkiane;Telemarker;;Telemarkiano;;;;;;;;;x
c_bergenshus_adj;Bergenian;Bergeniane;Bergener;;Bergenshusiense;;;;;;;;;x
c_vestfold_adj;Vestfolder;Vestfoldaise;Vestfolder;;Vesrfoldiense;;;;;;;;;x
c_akershus_adj;Akerian;Akeriane;Akershuser;;Arkeriense;;;;;;;;;x
c_oppland_adj;Opplander;Opplandaise;Opplander;;Opplandense;;;;;;;;;x
c_hedmark_adj;Hedmarkian;Hedmarkiane;Hedmarker;;Hedmarkiano;;;;;;;;;x
c_trondelag_adj;Trondelagian;Trondelagiane;Trondelager;;Trønder;;;;;;;;;x
c_naumadal_adj;Naumadalian;Naumadaliane;Naumadaler;;Naumadaliense;;;;;;;;;x
c_halogaland_adj;Hålogalander;Hålogalandaise;Hålogalander;;Halogalandense;;;;;;;;;x
c_finnmark_adj;Finnmarkian;Finnmarkiane;Finnmarker;;Finnmarkiense;;;;;;;;;x
c_nordland_adj;Nordlander;Nordlandaise;Nordlander;;Norlandés;;;;;;;;;x
c_jamtland_adj;Jamtlandic;Jamtlandique;Jamtlander;;Jemtiana;;;;;;;;;x
c_herjedalen_adj;Herjedalian;Herjedaliane;Herjedaler;;Herjedalense;;;;;;;;;x
c_domazlice_adj;Domazlician;Domazlicienne;Domazlicer;;Domazliciano;;;;;;;;;x
c_praha_adj;Pragian;Pragoise;Prager;;Praguense;;;;;;;;;x
c_boleslav_adj;Boleslavian;Boleslaviane;Boleslaver;;Boleslaviano;;;;;;;;;x
c_litomerice_adj;Litomerician;Litomericienne;Litomericer;;Litomericiense;;;;;;;;;x
c_plzen_adj;Plzenian;Plzenienne;Pilsener;;Pilsener;;;;;;;;;x
c_hradec_adj;Hradecian;Hradecienne;Hradecer;;Hradeciense;;;;;;;;;x
c_hradec_adj;Hradecian;Hradecienne;Hradecer;;Hradeciense;;;;;;;;;x
c_olomouc_adj;Olomoucian;Olomoucienne;Olomoucer;;Olomouciense;;;;;;;;;x
c_olomouc_adj;Olomoucian;Olomoucienne;Olomoucer;;Olomouciense;;;;;;;;;x
c_brno_adj;Brünnian;Brünnienne;Brünner;;Bernés;;;;;;;;;x
